Unnamed: 0,ISRC,Spotify ID,Title,Artist,danceability,energy,key,loudness,mode,speechiness,acousticness,instrumentalness,liveness,valence,tempo,type,id,uri,track_href,analysis_url,duration_ms,time_signature
359151,USA176510270,7470wzBLSlODkssLQbjtyH,Get Off Of My Cloud - Mono Version,The Rolling Stones,0.5640000000000001,0.887,4.0,-8.747,1.0,0.0514,0.0188,0.372,0.0692,0.878,126.304,audio_features,7470wzBLSlODkssLQbjtyH,spotify:track:7470wzBLSlODkssLQbjtyH,https://api.spotify.com/v1/tracks/7470wzBLSlODkssLQbjtyH,https://api.spotify.com/v1/audio-analysis/7470wzBLSlODkssLQbjtyH,173693.0,4.0
151987,US4MN0462501,0RzvEtLUhKR4b1AxQnApty,Que Rico,Joseph Diamond,0.553,0.6880000000000001,11.0,-7.204,0.0,0.034,0.422,0.35,0.0986,0.5760000000000001,96.567,audio_features,0RzvEtLUhKR4b1AxQnApty,spotify:track:0RzvEtLUhKR4b1AxQnApty,https://api.spotify.com/v1/tracks/0RzvEtLUhKR4b1AxQnApty,https://api.spotify.com/v1/audio-analysis/0RzvEtLUhKR4b1AxQnApty,282467.0,4.0
120756,USDJ20110815,0QduumThmC2CsAoRsBLFlK,Get Down On It,Kool & The Gang,0.855,0.537,9.0,-9.552,0.0,0.0512,0.0862,9.31e-06,0.0603,0.969,111.529,audio_features,0QduumThmC2CsAoRsBLFlK,spotify:track:0QduumThmC2CsAoRsBLFlK,https://api.spotify.com/v1/tracks/0QduumThmC2CsAoRsBLFlK,https://api.spotify.com/v1/audio-analysis/0QduumThmC2CsAoRsBLFlK,290707.0,4.0
246746,CYRLD1400360,5SkDVJJLuDM5zkJwyiB2hw,Chimacum Rain,Linda Perhacs,0.215,0.0707,0.0,-20.102,1.0,0.0362,0.98,0.339,0.109,0.121,175.209,audio_features,5SkDVJJLuDM5zkJwyiB2hw,spotify:track:5SkDVJJLuDM5zkJwyiB2hw,https://api.spotify.com/v1/tracks/5SkDVJJLuDM5zkJwyiB2hw,https://api.spotify.com/v1/audio-analysis/5SkDVJJLuDM5zkJwyiB2hw,203160.0,5.0
122946,USSF10415218,08d18tHRFNuW71GHAsUuzL,The Boys From County Mayo,Pete Seeger,0.555,0.148,0.0,-15.952,1.0,0.0526,0.949,0.00152,0.0761,0.486,117.795,audio_features,08d18tHRFNuW71GHAsUuzL,spotify:track:08d18tHRFNuW71GHAsUuzL,https://api.spotify.com/v1/tracks/08d18tHRFNuW71GHAsUuzL,https://api.spotify.com/v1/audio-analysis/08d18tHRFNuW71GHAsUuzL,146373.0,3.0
127627,USAT20200604,3q8V0dkDJkYw5iolpuypkU,Looking Down,Audiovent,0.521,0.866,10.0,-7.322,1.0,0.044,2.18e-05,0.00431,0.154,0.54,91.016,audio_features,3q8V0dkDJkYw5iolpuypkU,spotify:track:3q8V0dkDJkYw5iolpuypkU,https://api.spotify.com/v1/tracks/3q8V0dkDJkYw5iolpuypkU,https://api.spotify.com/v1/audio-analysis/3q8V0dkDJkYw5iolpuypkU,238237.0,4.0
28908,USJI19710083,0eGFjizUuaqGRb5k1mK3bw,Everybody (Backstreet's Back) - Radio Edit,Backstreet Boys,0.723,0.809,10.0,-6.478,0.0,0.0369,0.0342,4.25e-06,0.147,0.659,108.036,audio_features,0eGFjizUuaqGRb5k1mK3bw,spotify:track:0eGFjizUuaqGRb5k1mK3bw,https://api.spotify.com/v1/tracks/0eGFjizUuaqGRb5k1mK3bw,https://api.spotify.com/v1/audio-analysis/0eGFjizUuaqGRb5k1mK3bw,224547.0,4.0
156524,USMC15486164,6F3Y51rfKTtcZpSsYb0Yaf,Thirteen Women (And Only One Man In Town),Bill Haley & His Comets,0.783,0.307,6.0,-13.127,1.0,0.0568,0.585,6.11e-06,0.142,0.81,82.8,audio_features,6F3Y51rfKTtcZpSsYb0Yaf,spotify:track:6F3Y51rfKTtcZpSsYb0Yaf,https://api.spotify.com/v1/tracks/6F3Y51rfKTtcZpSsYb0Yaf,https://api.spotify.com/v1/audio-analysis/6F3Y51rfKTtcZpSsYb0Yaf,172800.0,4.0
441800,USBB40706429,4f6xjhS3a2iRIfx3D3L8G3,Get Money,The Notorious B.I.G.,0.711,0.871,2.0,-4.314,1.0,0.294,0.398,1.67e-06,0.171,0.912,91.155,audio_features,4f6xjhS3a2iRIfx3D3L8G3,spotify:track:4f6xjhS3a2iRIfx3D3L8G3,https://api.spotify.com/v1/tracks/4f6xjhS3a2iRIfx3D3L8G3,https://api.spotify.com/v1/audio-analysis/4f6xjhS3a2iRIfx3D3L8G3,274440.0,4.0
32166,USES20100012,31NH1GsXIDXPcRmno9H9d2,"Jump, Jump, Jump",True Vibe,0.73,0.768,10.0,-6.321,0.0,0.0766,0.035,1.21e-06,0.076,0.667,99.059,audio_features,31NH1GsXIDXPcRmno9H9d2,spotify:track:31NH1GsXIDXPcRmno9H9d2,https://api.spotify.com/v1/tracks/31NH1GsXIDXPcRmno9H9d2,https://api.spotify.com/v1/audio-analysis/31NH1GsXIDXPcRmno9H9d2,182653.0,4.0
197494,USSM19927099,2eGlNkwSDq2LAhD44KkD86,I'm a Man of Constant Sorrow (with The Clinch Mountain Boys),The Stanley Brothers,0.396,0.377,9.0,-12.822,1.0,0.0347,0.8250000000000001,0.000446,0.339,0.662,178.966,audio_features,2eGlNkwSDq2LAhD44KkD86,spotify:track:2eGlNkwSDq2LAhD44KkD86,https://api.spotify.com/v1/tracks/2eGlNkwSDq2LAhD44KkD86,https://api.spotify.com/v1/audio-analysis/2eGlNkwSDq2LAhD44KkD86,176267.0,4.0
436950,USSM19702875,1u7TLUHF20jfHIyAcFjG5E,"English Suite No. 1 in A Major, BWV 806: I. Prélude",Johann Sebastian Bach,0.306,0.14,9.0,-24.856,1.0,0.0485,0.993,0.885,0.102,0.631,121.031,audio_features,1u7TLUHF20jfHIyAcFjG5E,spotify:track:1u7TLUHF20jfHIyAcFjG5E,https://api.spotify.com/v1/tracks/1u7TLUHF20jfHIyAcFjG5E,https://api.spotify.com/v1/audio-analysis/1u7TLUHF20jfHIyAcFjG5E,123827.0,4.0
152332,USWB10200689,6TwifZQIXSjQxVNgDP3HJU,Firefly,Damn Yankees,0.534,0.948,7.0,-9.843,1.0,0.0545,0.000117,0.00647,0.0758,0.442,127.927,audio_features,6TwifZQIXSjQxVNgDP3HJU,spotify:track:6TwifZQIXSjQxVNgDP3HJU,https://api.spotify.com/v1/tracks/6TwifZQIXSjQxVNgDP3HJU,https://api.spotify.com/v1/audio-analysis/6TwifZQIXSjQxVNgDP3HJU,297707.0,4.0
267338,GBAAA0701805,5oa5Mx7nKpWbBznoontRtr,Ravine - 2007 Stereo Mix,Genesis,0.266,0.498,6.0,-20.289,0.0,0.0713,0.805,0.992,0.133,0.14,72.354,audio_features,5oa5Mx7nKpWbBznoontRtr,spotify:track:5oa5Mx7nKpWbBznoontRtr,https://api.spotify.com/v1/tracks/5oa5Mx7nKpWbBznoontRtr,https://api.spotify.com/v1/audio-analysis/5oa5Mx7nKpWbBznoontRtr,125600.0,1.0
292392,USAN20900081,34MPtaUuAXigJPqxTQ6rzh,It's Getting Better All The Time,Brooks & Dunn,0.46,0.398,4.0,-7.993,1.0,0.0266,0.8140000000000001,0.0001519999999999,0.085,0.153,134.718,audio_features,34MPtaUuAXigJPqxTQ6rzh,spotify:track:34MPtaUuAXigJPqxTQ6rzh,https://api.spotify.com/v1/tracks/34MPtaUuAXigJPqxTQ6rzh,https://api.spotify.com/v1/audio-analysis/34MPtaUuAXigJPqxTQ6rzh,254707.0,4.0
335708,FRZ036100490,3oVKgBP35ED7GkzOJia004,Le moribond,Jacques Brel,0.6000000000000001,0.623,1.0,-4.812,1.0,0.0637,0.673,0.0,0.0763,0.753,129.151,audio_features,3oVKgBP35ED7GkzOJia004,spotify:track:3oVKgBP35ED7GkzOJia004,https://api.spotify.com/v1/tracks/3oVKgBP35ED7GkzOJia004,https://api.spotify.com/v1/audio-analysis/3oVKgBP35ED7GkzOJia004,185587.0,4.0
310779,FRO060200420,1gATxSZnNnOqpi0Nfudrtl,Vogue,MadHouse,0.866,0.907,1.0,-7.895,1.0,0.0824,0.000699,0.759,0.0819,0.587,129.016,audio_features,1gATxSZnNnOqpi0Nfudrtl,spotify:track:1gATxSZnNnOqpi0Nfudrtl,https://api.spotify.com/v1/tracks/1gATxSZnNnOqpi0Nfudrtl,https://api.spotify.com/v1/audio-analysis/1gATxSZnNnOqpi0Nfudrtl,300387.0,4.0
296249,USCA29500185,5HaEsS5DOibVrdNSIHNmcw,Santa Monica,Everclear,0.491,0.942,7.0,-5.333,1.0,0.109,0.156,0.0,0.367,0.398,100.441,audio_features,5HaEsS5DOibVrdNSIHNmcw,spotify:track:5HaEsS5DOibVrdNSIHNmcw,https://api.spotify.com/v1/tracks/5HaEsS5DOibVrdNSIHNmcw,https://api.spotify.com/v1/audio-analysis/5HaEsS5DOibVrdNSIHNmcw,191507.0,4.0
30833,USCA20200462,19hBXaI7Zi9ufVVevCJbQR,Get Free,The Vines,0.501,0.981,7.0,-3.303,1.0,0.0619,0.000226,3.54e-06,0.207,0.621,138.778,audio_features,19hBXaI7Zi9ufVVevCJbQR,spotify:track:19hBXaI7Zi9ufVVevCJbQR,https://api.spotify.com/v1/tracks/19hBXaI7Zi9ufVVevCJbQR,https://api.spotify.com/v1/audio-analysis/19hBXaI7Zi9ufVVevCJbQR,124800.0,4.0
46400,DED830369603,3iUJrkMilUVkUKtYZK7Th4,Blacklist,Exodus,0.534,0.969,3.0,-3.378,1.0,0.0535,0.000359,0.5640000000000001,0.269,0.598,75.005,audio_features,3iUJrkMilUVkUKtYZK7Th4,spotify:track:3iUJrkMilUVkUKtYZK7Th4,https://api.spotify.com/v1/tracks/3iUJrkMilUVkUKtYZK7Th4,https://api.spotify.com/v1/audio-analysis/3iUJrkMilUVkUKtYZK7Th4,376920.0,4.0
305481,DEF059731811,3IPpZcjKwzphZ1Q6WpcwWW,"The Sleeping Beauty, Op. 66, TH.13 / Prologue: 3i. Pas de six: Coda",Pyotr Ilyich Tchaikovsky,0.386,0.264,2.0,-17.787,1.0,0.0359,0.888,0.78,0.118,0.456,108.335,audio_features,3IPpZcjKwzphZ1Q6WpcwWW,spotify:track:3IPpZcjKwzphZ1Q6WpcwWW,https://api.spotify.com/v1/tracks/3IPpZcjKwzphZ1Q6WpcwWW,https://api.spotify.com/v1/audio-analysis/3IPpZcjKwzphZ1Q6WpcwWW,84000.0,4.0
50974,USDW10110149,78zKZWKYSpnwMN5sgiCYYM,Violence Is Golden,John Fogerty,0.726,0.6910000000000001,9.0,-6.858,1.0,0.0374,0.211,0.000205,0.0626,0.623,93.422,audio_features,78zKZWKYSpnwMN5sgiCYYM,spotify:track:78zKZWKYSpnwMN5sgiCYYM,https://api.spotify.com/v1/tracks/78zKZWKYSpnwMN5sgiCYYM,https://api.spotify.com/v1/audio-analysis/78zKZWKYSpnwMN5sgiCYYM,320714.0,4.0
173387,USEE19900821,5y18iclIr2yPLS4ZXbcWMg,"The Wedge - Live at Hampton, 1998",Phish,0.5670000000000001,0.844,9.0,-8.587,1.0,0.05,0.686,0.0408,0.138,0.774,88.321,audio_features,5y18iclIr2yPLS4ZXbcWMg,spotify:track:5y18iclIr2yPLS4ZXbcWMg,https://api.spotify.com/v1/tracks/5y18iclIr2yPLS4ZXbcWMg,https://api.spotify.com/v1/audio-analysis/5y18iclIr2yPLS4ZXbcWMg,355973.0,4.0
327514,USMR19887508,6BTP1egKcaF2HjKjjscLgo,Man! I Feel Like A Woman!,Shania Twain,0.654,0.889,10.0,-3.058,1.0,0.0513,0.64,0.0,0.297,0.73,125.018,audio_features,6BTP1egKcaF2HjKjjscLgo,spotify:track:6BTP1egKcaF2HjKjjscLgo,https://api.spotify.com/v1/tracks/6BTP1egKcaF2HjKjjscLgo,https://api.spotify.com/v1/audio-analysis/6BTP1egKcaF2HjKjjscLgo,233000.0,4.0
167526,GBCFB0303006,4gEIi3WRevpJQADCxKCMvU,Verbal - Topo Gigio Remix,Amon Tobin,0.531,0.8230000000000001,1.0,-10.694,1.0,0.0383,0.00161,0.8210000000000001,0.119,0.33,109.175,audio_features,4gEIi3WRevpJQADCxKCMvU,spotify:track:4gEIi3WRevpJQADCxKCMvU,https://api.spotify.com/v1/tracks/4gEIi3WRevpJQADCxKCMvU,https://api.spotify.com/v1/audio-analysis/4gEIi3WRevpJQADCxKCMvU,238747.0,4.0
393109,USPR35200072,1jkr76Uj6Wz3X36Hzu7TGu,Solitude,Billie Holiday,0.509,0.176,8.0,-12.144,1.0,0.0526,0.984,0.00144,0.109,0.155,117.797,audio_features,1jkr76Uj6Wz3X36Hzu7TGu,spotify:track:1jkr76Uj6Wz3X36Hzu7TGu,https://api.spotify.com/v1/tracks/1jkr76Uj6Wz3X36Hzu7TGu,https://api.spotify.com/v1/audio-analysis/1jkr76Uj6Wz3X36Hzu7TGu,208380.0,4.0
16415,SID050400077,1BDMZ4GzIti4KT22VLisZ6,Brizgalna brizga,Atomik Harmonik,0.634,0.937,2.0,-4.829,1.0,0.0307,0.00754,0.0,0.938,0.965,132.01,audio_features,1BDMZ4GzIti4KT22VLisZ6,spotify:track:1BDMZ4GzIti4KT22VLisZ6,https://api.spotify.com/v1/tracks/1BDMZ4GzIti4KT22VLisZ6,https://api.spotify.com/v1/audio-analysis/1BDMZ4GzIti4KT22VLisZ6,239693.0,4.0
59235,USSM18600196,6Gx4UG0gtlYkJ7kgVhWntg,The Final Countdown,Europe,0.495,0.883,6.0,-6.941,0.0,0.0935,0.000357,0.0001519999999999,0.0649,0.0891,117.584,audio_features,6Gx4UG0gtlYkJ7kgVhWntg,spotify:track:6Gx4UG0gtlYkJ7kgVhWntg,https://api.spotify.com/v1/tracks/6Gx4UG0gtlYkJ7kgVhWntg,https://api.spotify.com/v1/audio-analysis/6Gx4UG0gtlYkJ7kgVhWntg,308067.0,4.0
302889,USQE11710050,1djs0BaGW4UPjMfiZdnKrL,Tokyo Dream (Bonus Track) - Remastered,Allan Holdsworth,0.53,0.5710000000000001,0.0,-11.182,0.0,0.0281,0.0148,0.341,0.21,0.293,126.562,audio_features,1djs0BaGW4UPjMfiZdnKrL,spotify:track:1djs0BaGW4UPjMfiZdnKrL,https://api.spotify.com/v1/tracks/1djs0BaGW4UPjMfiZdnKrL,https://api.spotify.com/v1/audio-analysis/1djs0BaGW4UPjMfiZdnKrL,305627.0,4.0
276245,USMO10300201,3j6RAyFdugcyJ3a9dsab2X,"Love Will Conquer All - 12"" Version",Lionel Richie,0.8190000000000001,0.492,2.0,-11.206,0.0,0.042,0.0786,4.07e-06,0.241,0.551,99.59,audio_features,3j6RAyFdugcyJ3a9dsab2X,spotify:track:3j6RAyFdugcyJ3a9dsab2X,https://api.spotify.com/v1/tracks/3j6RAyFdugcyJ3a9dsab2X,https://api.spotify.com/v1/audio-analysis/3j6RAyFdugcyJ3a9dsab2X,427213.0,4.0
81874,USAT20401590,3LApctIF1Eo1G6xWaUKyCy,Goodbye My Lover,James Blunt,0.5,0.259,4.0,-12.593,1.0,0.0491,0.952,0.00318,0.0903,0.268,91.089,audio_features,3LApctIF1Eo1G6xWaUKyCy,spotify:track:3LApctIF1Eo1G6xWaUKyCy,https://api.spotify.com/v1/tracks/3LApctIF1Eo1G6xWaUKyCy,https://api.spotify.com/v1/audio-analysis/3LApctIF1Eo1G6xWaUKyCy,258653.0,4.0
308246,USAR10201238,6n7JxAu4kFVDxFDciYlqm5,Medley: Deck the Halls / The Twelve Days of Christmas,Kenny G,0.513,0.402,5.0,-9.937,1.0,0.03,0.182,0.352,0.0745,0.293,81.812,audio_features,6n7JxAu4kFVDxFDciYlqm5,spotify:track:6n7JxAu4kFVDxFDciYlqm5,https://api.spotify.com/v1/tracks/6n7JxAu4kFVDxFDciYlqm5,https://api.spotify.com/v1/audio-analysis/6n7JxAu4kFVDxFDciYlqm5,180067.0,4.0
206830,USAM18801284,0NrnFVoG9eA5M34hedDt46,Piano In The Dark,Brenda Russell,0.706,0.491,5.0,-10.2,0.0,0.0229,0.455,0.000111,0.119,0.405,99.838,audio_features,0NrnFVoG9eA5M34hedDt46,spotify:track:0NrnFVoG9eA5M34hedDt46,https://api.spotify.com/v1/tracks/0NrnFVoG9eA5M34hedDt46,https://api.spotify.com/v1/audio-analysis/0NrnFVoG9eA5M34hedDt46,318200.0,4.0
374286,USSM17000790,6rtIf2peTj5KMl7o6G0ldg,Me and Bobby McGee,Janis Joplin,0.513,0.468,2.0,-10.992,1.0,0.0401,0.281,5.47e-05,0.14,0.6900000000000001,93.032,audio_features,6rtIf2peTj5KMl7o6G0ldg,spotify:track:6rtIf2peTj5KMl7o6G0ldg,https://api.spotify.com/v1/tracks/6rtIf2peTj5KMl7o6G0ldg,https://api.spotify.com/v1/audio-analysis/6rtIf2peTj5KMl7o6G0ldg,269787.0,4.0
38508,USAR10301159,2xGX4WONdt2FHJ9DwDyZwk,Stupid,Sarah McLachlan,0.54,0.486,7.0,-8.393,0.0,0.0296,0.12,3.79e-06,0.075,0.457,155.098,audio_features,2xGX4WONdt2FHJ9DwDyZwk,spotify:track:2xGX4WONdt2FHJ9DwDyZwk,https://api.spotify.com/v1/tracks/2xGX4WONdt2FHJ9DwDyZwk,https://api.spotify.com/v1/audio-analysis/2xGX4WONdt2FHJ9DwDyZwk,203407.0,3.0
2760,USFW40569310,4HiDepXrXy1vxUN3WduuwU,Thinking Of You,The Soviettes,0.501,0.955,11.0,-4.95,0.0,0.0411,0.00194,0.000174,0.0443,0.925,107.561,audio_features,4HiDepXrXy1vxUN3WduuwU,spotify:track:4HiDepXrXy1vxUN3WduuwU,https://api.spotify.com/v1/tracks/4HiDepXrXy1vxUN3WduuwU,https://api.spotify.com/v1/audio-analysis/4HiDepXrXy1vxUN3WduuwU,172067.0,4.0
145874,QMFMG1454897,6QjiRMT2UX6DIUn6aDXqDf,Clickity Clack,Alela Diane,0.36,0.112,2.0,-17.012,1.0,0.0334,0.972,0.13,0.109,0.236,76.56,audio_features,6QjiRMT2UX6DIUn6aDXqDf,spotify:track:6QjiRMT2UX6DIUn6aDXqDf,https://api.spotify.com/v1/tracks/6QjiRMT2UX6DIUn6aDXqDf,https://api.spotify.com/v1/audio-analysis/6QjiRMT2UX6DIUn6aDXqDf,230347.0,4.0
404923,GBCEN0000134,4foRSWZDTK8G4N9WwQAigp,Invisible Pedestrian,Bent,0.33,0.797,10.0,-8.096,1.0,0.0781,0.0294,0.768,0.0507,0.441,118.44,audio_features,4foRSWZDTK8G4N9WwQAigp,spotify:track:4foRSWZDTK8G4N9WwQAigp,https://api.spotify.com/v1/tracks/4foRSWZDTK8G4N9WwQAigp,https://api.spotify.com/v1/audio-analysis/4foRSWZDTK8G4N9WwQAigp,384240.0,5.0
137931,GBCEJ9200012,2WMkyaQFDpBM6uuxcQsIMl,Accident Waiting to Happen - Red Star Version,Billy Bragg,0.411,0.866,2.0,-6.102,1.0,0.0577,0.0333,0.0,0.264,0.61,159.08,audio_features,2WMkyaQFDpBM6uuxcQsIMl,spotify:track:2WMkyaQFDpBM6uuxcQsIMl,https://api.spotify.com/v1/tracks/2WMkyaQFDpBM6uuxcQsIMl,https://api.spotify.com/v1/audio-analysis/2WMkyaQFDpBM6uuxcQsIMl,229333.0,4.0
21383,USDW10200529,00JgdO3cQrIzMGzM8h8kvl,"Swing, Swing",The All-American Rejects,0.553,0.717,7.0,-5.857,1.0,0.0318,6.48e-05,0.128,0.0385,0.318,127.946,audio_features,00JgdO3cQrIzMGzM8h8kvl,spotify:track:00JgdO3cQrIzMGzM8h8kvl,https://api.spotify.com/v1/tracks/00JgdO3cQrIzMGzM8h8kvl,https://api.spotify.com/v1/audio-analysis/00JgdO3cQrIzMGzM8h8kvl,233267.0,4.0
50441,USMO17600043,1hlhvuxeZRQrSIbrE9LFBe,Feel All My Love Inside,Marvin Gaye,0.379,0.646,3.0,-10.339,0.0,0.045,0.501,9.59e-05,0.541,0.539,146.525,audio_features,1hlhvuxeZRQrSIbrE9LFBe,spotify:track:1hlhvuxeZRQrSIbrE9LFBe,https://api.spotify.com/v1/tracks/1hlhvuxeZRQrSIbrE9LFBe,https://api.spotify.com/v1/audio-analysis/1hlhvuxeZRQrSIbrE9LFBe,202427.0,4.0
388610,GBARL1100964,3SFi4b9bbnpZ5cI4lCV2G8,You Stole the Sun from My Heart,Manic Street Preachers,0.62,0.845,9.0,-8.02,1.0,0.0343,0.000101,0.000125,0.212,0.361,117.977,audio_features,3SFi4b9bbnpZ5cI4lCV2G8,spotify:track:3SFi4b9bbnpZ5cI4lCV2G8,https://api.spotify.com/v1/tracks/3SFi4b9bbnpZ5cI4lCV2G8,https://api.spotify.com/v1/audio-analysis/3SFi4b9bbnpZ5cI4lCV2G8,260920.0,4.0
146208,GBAAN7390008,0g8WNNu2RzOAlslvAbq4Z8,Burnin' And Lootin',The Wailers,0.896,0.407,4.0,-9.796,0.0,0.351,0.0383,5.5200000000000005e-06,0.115,0.8310000000000001,133.212,audio_features,0g8WNNu2RzOAlslvAbq4Z8,spotify:track:0g8WNNu2RzOAlslvAbq4Z8,https://api.spotify.com/v1/tracks/0g8WNNu2RzOAlslvAbq4Z8,https://api.spotify.com/v1/audio-analysis/0g8WNNu2RzOAlslvAbq4Z8,254773.0,4.0
409042,GBAYC8700229,6HdbDhysynyeh6C4p7anFI,"Ave verum corpus, K. 618",Wolfgang Amadeus Mozart,0.164,0.0462,2.0,-26.305,1.0,0.0529,0.972,0.961,0.0708,0.0322,128.843,audio_features,6HdbDhysynyeh6C4p7anFI,spotify:track:6HdbDhysynyeh6C4p7anFI,https://api.spotify.com/v1/tracks/6HdbDhysynyeh6C4p7anFI,https://api.spotify.com/v1/audio-analysis/6HdbDhysynyeh6C4p7anFI,204973.0,4.0
145577,US25T0615228,73EIJH2WDdqWgO3FxLnJYg,If Y'all Want War,Ol' Dirty Bastard,0.496,0.512,1.0,-5.475,1.0,0.183,0.0006259999999999,0.0,0.299,0.459,176.67,audio_features,73EIJH2WDdqWgO3FxLnJYg,spotify:track:73EIJH2WDdqWgO3FxLnJYg,https://api.spotify.com/v1/tracks/73EIJH2WDdqWgO3FxLnJYg,https://api.spotify.com/v1/audio-analysis/73EIJH2WDdqWgO3FxLnJYg,228280.0,4.0
126648,USUR10200634,6s50HBTn65NjrObV3ZxNuE,I Will Survive,Gloria Gaynor,0.77,0.775,9.0,-9.571,0.0,0.0495,0.0227,0.0025,0.297,0.8,116.917,audio_features,6s50HBTn65NjrObV3ZxNuE,spotify:track:6s50HBTn65NjrObV3ZxNuE,https://api.spotify.com/v1/tracks/6s50HBTn65NjrObV3ZxNuE,https://api.spotify.com/v1/audio-analysis/6s50HBTn65NjrObV3ZxNuE,296107.0,4.0
309018,USVI29900230,4MbxeSSd7uFop6FbdQD8fD,Send It On,D'Angelo,0.796,0.277,5.0,-10.848,1.0,0.0945,0.12,0.00218,0.261,0.312,127.412,audio_features,4MbxeSSd7uFop6FbdQD8fD,spotify:track:4MbxeSSd7uFop6FbdQD8fD,https://api.spotify.com/v1/tracks/4MbxeSSd7uFop6FbdQD8fD,https://api.spotify.com/v1/audio-analysis/4MbxeSSd7uFop6FbdQD8fD,355560.0,3.0
462484,USAT29800957,6JOHUboZWkIExRlNCo66Qq,Fist of Rage,Kid Rock,0.54,0.931,7.0,-3.512,1.0,0.139,0.00335,0.0,0.0767,0.641,168.066,audio_features,6JOHUboZWkIExRlNCo66Qq,spotify:track:6JOHUboZWkIExRlNCo66Qq,https://api.spotify.com/v1/tracks/6JOHUboZWkIExRlNCo66Qq,https://api.spotify.com/v1/audio-analysis/6JOHUboZWkIExRlNCo66Qq,203867.0,4.0
265562,USRC10001007,17ZBIE4e11bEHLgVG634JK,Ennui,Lou Reed,0.413,0.404,5.0,-11.354,1.0,0.0292,0.786,0.719,0.113,0.198,125.381,audio_features,17ZBIE4e11bEHLgVG634JK,spotify:track:17ZBIE4e11bEHLgVG634JK,https://api.spotify.com/v1/tracks/17ZBIE4e11bEHLgVG634JK,https://api.spotify.com/v1/audio-analysis/17ZBIE4e11bEHLgVG634JK,221773.0,3.0
138130,GBF089601062,5vFHb32rxC8sAsV5gOlZSP,How Long,Dire Straits,0.505,0.584,2.0,-9.728,1.0,0.0251,0.362,0.519,0.128,0.605,90.075,audio_features,5vFHb32rxC8sAsV5gOlZSP,spotify:track:5vFHb32rxC8sAsV5gOlZSP,https://api.spotify.com/v1/tracks/5vFHb32rxC8sAsV5gOlZSP,https://api.spotify.com/v1/audio-analysis/5vFHb32rxC8sAsV5gOlZSP,229400.0,4.0
245336,USMC14750470,1GrIgJQpMFcYzOUbZrbrAZ,White Christmas - 1947 Version,Bing Crosby,0.211,0.255,9.0,-12.964,1.0,0.0328,0.923,0.00383,0.405,0.226,85.841,audio_features,1GrIgJQpMFcYzOUbZrbrAZ,spotify:track:1GrIgJQpMFcYzOUbZrbrAZ,https://api.spotify.com/v1/tracks/1GrIgJQpMFcYzOUbZrbrAZ,https://api.spotify.com/v1/audio-analysis/1GrIgJQpMFcYzOUbZrbrAZ,185280.0,4.0
281850,USSM15800092,25H0Wd1ugPRXGM2LlpjVXM,Summertime,Miles Davis,0.402,0.0675,10.0,-19.553,0.0,0.03,0.735,0.0,0.0959,0.417,107.599,audio_features,25H0Wd1ugPRXGM2LlpjVXM,spotify:track:25H0Wd1ugPRXGM2LlpjVXM,https://api.spotify.com/v1/tracks/25H0Wd1ugPRXGM2LlpjVXM,https://api.spotify.com/v1/audio-analysis/25H0Wd1ugPRXGM2LlpjVXM,197427.0,1.0
322065,GBAHT9803002,7vMeeveFfbpgCwpq3UUm3q,Believe,Cher,0.653,0.933,6.0,-6.041,1.0,0.0522,0.00754,0.0,0.0574,0.429,132.965,audio_features,7vMeeveFfbpgCwpq3UUm3q,spotify:track:7vMeeveFfbpgCwpq3UUm3q,https://api.spotify.com/v1/tracks/7vMeeveFfbpgCwpq3UUm3q,https://api.spotify.com/v1/audio-analysis/7vMeeveFfbpgCwpq3UUm3q,238693.0,4.0
69735,GBF088400665,7GeFnloGEp1cFHHsK7nQon,Empire Building,Tears For Fears,0.6910000000000001,0.6900000000000001,11.0,-16.821,0.0,0.0322,0.0472,0.225,0.25,0.327,107.652,audio_features,7GeFnloGEp1cFHHsK7nQon,spotify:track:7GeFnloGEp1cFHHsK7nQon,https://api.spotify.com/v1/tracks/7GeFnloGEp1cFHHsK7nQon,https://api.spotify.com/v1/audio-analysis/7GeFnloGEp1cFHHsK7nQon,172449.0,4.0
28878,USJI19710083,3FMSEeODpywjD8BMY6Umj6,Everybody (Backstreet's Back) - Radio Edit,Backstreet Boys,0.73,0.844,10.0,-5.238,0.0,0.0353,0.0398,0.0,0.226,0.555,108.037,audio_features,3FMSEeODpywjD8BMY6Umj6,spotify:track:3FMSEeODpywjD8BMY6Umj6,https://api.spotify.com/v1/tracks/3FMSEeODpywjD8BMY6Umj6,https://api.spotify.com/v1/audio-analysis/3FMSEeODpywjD8BMY6Umj6,219853.0,4.0
355977,DEA629762130,44tsgE1tg0eCSfoRdvh1vB,New Horizons,Alphaville,0.611,0.615,0.0,-9.38,1.0,0.0282,0.167,0.000233,0.0581,0.322,127.919,audio_features,44tsgE1tg0eCSfoRdvh1vB,spotify:track:44tsgE1tg0eCSfoRdvh1vB,https://api.spotify.com/v1/tracks/44tsgE1tg0eCSfoRdvh1vB,https://api.spotify.com/v1/audio-analysis/44tsgE1tg0eCSfoRdvh1vB,335640.0,4.0
3918,GBAAA0001038,2RkGUwVAXM0bCyxBWvG03e,Senses Working Overtime - Remastered 2001,XTC,0.679,0.78,4.0,-6.864,1.0,0.0372,0.0848,6.42e-05,0.193,0.8300000000000001,129.906,audio_features,2RkGUwVAXM0bCyxBWvG03e,spotify:track:2RkGUwVAXM0bCyxBWvG03e,https://api.spotify.com/v1/tracks/2RkGUwVAXM0bCyxBWvG03e,https://api.spotify.com/v1/audio-analysis/2RkGUwVAXM0bCyxBWvG03e,272547.0,4.0
363401,USSH50287242,41VZ8RFGH0Yyx9gpUMoTNp,Out Here In The Middle,James McMurtry,0.561,0.511,9.0,-8.092,1.0,0.0248,0.446,0.0572,0.204,0.305,72.686,audio_features,41VZ8RFGH0Yyx9gpUMoTNp,spotify:track:41VZ8RFGH0Yyx9gpUMoTNp,https://api.spotify.com/v1/tracks/41VZ8RFGH0Yyx9gpUMoTNp,https://api.spotify.com/v1/audio-analysis/41VZ8RFGH0Yyx9gpUMoTNp,261427.0,4.0
165585,USSM19501784,4RaxnzmTN4bojbbEYtvXjk,The Ghost of Tom Joad,Bruce Springsteen,0.445,0.0975,11.0,-16.906,0.0,0.0357,0.43,0.284,0.142,0.0771,88.495,audio_features,4RaxnzmTN4bojbbEYtvXjk,spotify:track:4RaxnzmTN4bojbbEYtvXjk,https://api.spotify.com/v1/tracks/4RaxnzmTN4bojbbEYtvXjk,https://api.spotify.com/v1/audio-analysis/4RaxnzmTN4bojbbEYtvXjk,263467.0,4.0
427858,NLA509708208,24Kxpf2IvfRR4WHBUBUs5F,Caccini: Ave Maria (Arr. Cullen for Cello and Orchestra),Julian Lloyd Webber,0.0764,0.117,4.0,-22.9,0.0,0.0445,0.977,0.894,0.123,0.0388,78.908,audio_features,24Kxpf2IvfRR4WHBUBUs5F,spotify:track:24Kxpf2IvfRR4WHBUBUs5F,https://api.spotify.com/v1/tracks/24Kxpf2IvfRR4WHBUBUs5F,https://api.spotify.com/v1/audio-analysis/24Kxpf2IvfRR4WHBUBUs5F,329547.0,4.0
24427,USAM10000252,6XADu9Jto5r1f9rijUgJ81,Giving It All To The Wind,The Ozark Mountain Daredevils,0.422,0.268,2.0,-16.063,1.0,0.0339,0.683,0.197,0.15,0.0984,113.603,audio_features,6XADu9Jto5r1f9rijUgJ81,spotify:track:6XADu9Jto5r1f9rijUgJ81,https://api.spotify.com/v1/tracks/6XADu9Jto5r1f9rijUgJ81,https://api.spotify.com/v1/audio-analysis/6XADu9Jto5r1f9rijUgJ81,255067.0,4.0
264159,USMC16508882,1nWayGfd70y4tv3sELjq5S,Such Trying Times,Marlene Dietrich,0.63,0.318,5.0,-12.715,0.0,0.144,0.498,6.269999999999999e-05,0.0205,0.589,96.072,audio_features,1nWayGfd70y4tv3sELjq5S,spotify:track:1nWayGfd70y4tv3sELjq5S,https://api.spotify.com/v1/tracks/1nWayGfd70y4tv3sELjq5S,https://api.spotify.com/v1/audio-analysis/1nWayGfd70y4tv3sELjq5S,177880.0,4.0
362410,HKI199339802,2P7pCUKMFLKAJDHla3VQP8,"The Nutcracker Suite, Op. 71a: VIII. Waltz of the Flowers",Pyotr Ilyich Tchaikovsky,0.213,0.135,2.0,-17.576,1.0,0.0354,0.959,0.807,0.0538,0.0846,96.383,audio_features,2P7pCUKMFLKAJDHla3VQP8,spotify:track:2P7pCUKMFLKAJDHla3VQP8,https://api.spotify.com/v1/tracks/2P7pCUKMFLKAJDHla3VQP8,https://api.spotify.com/v1/audio-analysis/2P7pCUKMFLKAJDHla3VQP8,410067.0,3.0
323146,USA176410310,30ltAVbZ9f96QBDAqm9EqN,Money - (Original Single Mono Version),The Rolling Stones,0.382,0.8310000000000001,2.0,-8.469,1.0,0.0424,0.0182,0.00033,0.125,0.88,137.319,audio_features,30ltAVbZ9f96QBDAqm9EqN,spotify:track:30ltAVbZ9f96QBDAqm9EqN,https://api.spotify.com/v1/tracks/30ltAVbZ9f96QBDAqm9EqN,https://api.spotify.com/v1/audio-analysis/30ltAVbZ9f96QBDAqm9EqN,151320.0,4.0
402376,JPKI09522450,3x4378ztiLvFmm2nuzEI0C,The Cruel Angel's Thesis (Director's Edit Version),Yoko Takahashi,0.646,0.677,0.0,-9.477,0.0,0.0432,0.0337,2e-06,0.13,0.588,128.125,audio_features,3x4378ztiLvFmm2nuzEI0C,spotify:track:3x4378ztiLvFmm2nuzEI0C,https://api.spotify.com/v1/tracks/3x4378ztiLvFmm2nuzEI0C,https://api.spotify.com/v1/audio-analysis/3x4378ztiLvFmm2nuzEI0C,245093.0,4.0
68549,GBCVT9900012,5wq8wceQvaFlOZovDtfr0j,Sunburn,Muse,0.474,0.905,4.0,-6.1370000000000005,0.0,0.0842,0.122,0.00154,0.166,0.322,93.02,audio_features,5wq8wceQvaFlOZovDtfr0j,spotify:track:5wq8wceQvaFlOZovDtfr0j,https://api.spotify.com/v1/tracks/5wq8wceQvaFlOZovDtfr0j,https://api.spotify.com/v1/audio-analysis/5wq8wceQvaFlOZovDtfr0j,233733.0,4.0
189496,USUMC0400039,0YnzetSwbgQRs8jH5Dy7J8,Final Battle,Alan Silvestri,0.228,0.455,7.0,-11.821,0.0,0.0534,0.106,0.88,0.273,0.0799,93.083,audio_features,0YnzetSwbgQRs8jH5Dy7J8,spotify:track:0YnzetSwbgQRs8jH5Dy7J8,https://api.spotify.com/v1/tracks/0YnzetSwbgQRs8jH5Dy7J8,https://api.spotify.com/v1/audio-analysis/0YnzetSwbgQRs8jH5Dy7J8,388880.0,4.0
311611,USMR18210014,600p5yFQWKHxqEvejm6GfN,I Love It Loud - 2022 Remastered,KISS,0.356,0.918,4.0,-6.47,1.0,0.0674,0.00184,0.0,0.0771,0.182,170.81,audio_features,600p5yFQWKHxqEvejm6GfN,spotify:track:600p5yFQWKHxqEvejm6GfN,https://api.spotify.com/v1/tracks/600p5yFQWKHxqEvejm6GfN,https://api.spotify.com/v1/audio-analysis/600p5yFQWKHxqEvejm6GfN,254613.0,4.0
409587,USRE10400527,27C7PbgqQkjksf1ul2AqU0,Eyes of the World - Live on PBS in Boston 2004,Fleetwood Mac,0.462,0.953,8.0,-5.939,1.0,0.0891,0.0123,0.0602,0.992,0.33,157.124,audio_features,27C7PbgqQkjksf1ul2AqU0,spotify:track:27C7PbgqQkjksf1ul2AqU0,https://api.spotify.com/v1/tracks/27C7PbgqQkjksf1ul2AqU0,https://api.spotify.com/v1/audio-analysis/27C7PbgqQkjksf1ul2AqU0,207080.0,4.0
125276,USAT29902050,7qQ66B2FBjhBUoemeyrcBN,When a Man Loves a Woman,Percy Sledge,0.516,0.15,1.0,-20.41,1.0,0.0272,0.13,0.0755,0.122,0.206,97.398,audio_features,7qQ66B2FBjhBUoemeyrcBN,spotify:track:7qQ66B2FBjhBUoemeyrcBN,https://api.spotify.com/v1/tracks/7qQ66B2FBjhBUoemeyrcBN,https://api.spotify.com/v1/audio-analysis/7qQ66B2FBjhBUoemeyrcBN,173867.0,3.0
46265,GBAYC9702115,3HRzwheNKLi3ufWy3qkBgk,"Mozart: Horn Concerto No. 4 in E-Flat Major, K. 495: II. Romance. Andante cantabile",Wolfgang Amadeus Mozart,0.106,0.0481,10.0,-21.357,1.0,0.043,0.988,0.979,0.122,0.141,69.065,audio_features,3HRzwheNKLi3ufWy3qkBgk,spotify:track:3HRzwheNKLi3ufWy3qkBgk,https://api.spotify.com/v1/tracks/3HRzwheNKLi3ufWy3qkBgk,https://api.spotify.com/v1/audio-analysis/3HRzwheNKLi3ufWy3qkBgk,268107.0,3.0
22373,DEF059631201,6UAbnPZL9fRnvJ8c80VJLn,"20 Irish Songs, WoO 153: 6. Sad and Luckless Was the Season",Ludwig van Beethoven,0.297,0.0812,3.0,-20.9,1.0,0.0418,0.988,0.0398,0.125,0.225,135.259,audio_features,6UAbnPZL9fRnvJ8c80VJLn,spotify:track:6UAbnPZL9fRnvJ8c80VJLn,https://api.spotify.com/v1/tracks/6UAbnPZL9fRnvJ8c80VJLn,https://api.spotify.com/v1/audio-analysis/6UAbnPZL9fRnvJ8c80VJLn,240000.0,3.0
100731,USUR10200371,5Y0F9vg27N0yUASXAqJJcs,Hot In Herre,Nelly,0.957,0.745,11.0,-4.753,0.0,0.121,0.203,0.0,0.0615,0.913,107.077,audio_features,5Y0F9vg27N0yUASXAqJJcs,spotify:track:5Y0F9vg27N0yUASXAqJJcs,https://api.spotify.com/v1/tracks/5Y0F9vg27N0yUASXAqJJcs,https://api.spotify.com/v1/audio-analysis/5Y0F9vg27N0yUASXAqJJcs,228240.0,4.0
224735,NLA329202350,0u6ViyKFh4aWx8Vwmkd2Zx,Set the World On Fire,Annihilator,0.617,0.989,9.0,-5.771,1.0,0.0633,0.0104,0.0145,0.35,0.307,100.93,audio_features,0u6ViyKFh4aWx8Vwmkd2Zx,spotify:track:0u6ViyKFh4aWx8Vwmkd2Zx,https://api.spotify.com/v1/tracks/0u6ViyKFh4aWx8Vwmkd2Zx,https://api.spotify.com/v1/audio-analysis/0u6ViyKFh4aWx8Vwmkd2Zx,269533.0,4.0
341022,USPR38302462,2BbaQDomhVsiRlre6ebquI,"Maniac - From ""Flashdance""",Michael Sembello,0.605,0.757,3.0,-5.897,0.0,0.0554,0.0396,2.6e-06,0.0447,0.8280000000000001,157.714,audio_features,2BbaQDomhVsiRlre6ebquI,spotify:track:2BbaQDomhVsiRlre6ebquI,https://api.spotify.com/v1/tracks/2BbaQDomhVsiRlre6ebquI,https://api.spotify.com/v1/audio-analysis/2BbaQDomhVsiRlre6ebquI,246000.0,4.0
248143,COUM71700178,29ET4ONM7UGb5fIbLfHoDK,Mi Bombom,Cabas,0.731,0.776,10.0,-7.599,0.0,0.0357,0.377,1.49e-06,0.178,0.975,100.112,audio_features,29ET4ONM7UGb5fIbLfHoDK,spotify:track:29ET4ONM7UGb5fIbLfHoDK,https://api.spotify.com/v1/tracks/29ET4ONM7UGb5fIbLfHoDK,https://api.spotify.com/v1/audio-analysis/29ET4ONM7UGb5fIbLfHoDK,193947.0,4.0
270673,USIR20000458,0U50wNdYUczYff6z4Cu812,Angel - Metro Mix Radio Edit,Lionel Richie,0.725,0.8220000000000001,9.0,-10.059,1.0,0.0402,0.011,0.0,0.0938,0.581,127.971,audio_features,0U50wNdYUczYff6z4Cu812,spotify:track:0U50wNdYUczYff6z4Cu812,https://api.spotify.com/v1/tracks/0U50wNdYUczYff6z4Cu812,https://api.spotify.com/v1/audio-analysis/0U50wNdYUczYff6z4Cu812,223040.0,4.0
344639,USBR20216534,2WTbidJqGNnfWeM5FRYaR9,We Are Rock - The Norway Remix;The Art And Craft Of Popular Music Album Version,Joy Electric,0.554,0.969,8.0,-4.518,0.0,0.0778,0.000383,0.665,0.0737,0.865,130.005,audio_features,2WTbidJqGNnfWeM5FRYaR9,spotify:track:2WTbidJqGNnfWeM5FRYaR9,https://api.spotify.com/v1/tracks/2WTbidJqGNnfWeM5FRYaR9,https://api.spotify.com/v1/audio-analysis/2WTbidJqGNnfWeM5FRYaR9,172547.0,4.0
326366,US4KM0510046,2HMzVh2MtT7Q1jte2U3Ivp,Birds,dios (malos),0.411,0.236,7.0,-10.412,1.0,0.0358,0.428,0.000173,0.079,0.137,135.766,audio_features,2HMzVh2MtT7Q1jte2U3Ivp,spotify:track:2HMzVh2MtT7Q1jte2U3Ivp,https://api.spotify.com/v1/tracks/2HMzVh2MtT7Q1jte2U3Ivp,https://api.spotify.com/v1/audio-analysis/2HMzVh2MtT7Q1jte2U3Ivp,174800.0,4.0
131699,USMO10001020,10OvaANmcHwls82rYAkGR9,Didn't Cha Know,Erykah Badu,0.752,0.476,3.0,-9.833,0.0,0.0602,0.463,0.00378,0.131,0.8210000000000001,135.272,audio_features,10OvaANmcHwls82rYAkGR9,spotify:track:10OvaANmcHwls82rYAkGR9,https://api.spotify.com/v1/tracks/10OvaANmcHwls82rYAkGR9,https://api.spotify.com/v1/audio-analysis/10OvaANmcHwls82rYAkGR9,242467.0,4.0
180763,GBAYC9701412,0Nl8YUb4sbYJi6lSDa3933,"Tosca (1997 Digital Remaster), Act II: Vissi d'arte",Orchestre De La Société Des Concerts Du Conservatoire,0.285,0.0968,3.0,-16.205,1.0,0.0448,0.988,0.0245,0.102,0.0462,93.219,audio_features,0Nl8YUb4sbYJi6lSDa3933,spotify:track:0Nl8YUb4sbYJi6lSDa3933,https://api.spotify.com/v1/tracks/0Nl8YUb4sbYJi6lSDa3933,https://api.spotify.com/v1/audio-analysis/0Nl8YUb4sbYJi6lSDa3933,181707.0,5.0
200992,NLA508300119,7boqLgVSVfTc9M0vBShlb5,"Die Zauberflöte, K. 620 / Act 2: ""Wie? Wie? Wie?""",Wolfgang Amadeus Mozart,0.51,0.0896,7.0,-24.167,1.0,0.0598,0.974,4.7e-05,0.53,0.458,105.247,audio_features,7boqLgVSVfTc9M0vBShlb5,spotify:track:7boqLgVSVfTc9M0vBShlb5,https://api.spotify.com/v1/tracks/7boqLgVSVfTc9M0vBShlb5,https://api.spotify.com/v1/audio-analysis/7boqLgVSVfTc9M0vBShlb5,190667.0,4.0
38770,USMO17082654,3Jqst4jBvTFSz2D992cRb2,If I Were Your Woman,Gladys Knight & The Pips,0.473,0.601,6.0,-6.536,1.0,0.0577,0.7000000000000001,0.0506,0.647,0.534,75.427,audio_features,3Jqst4jBvTFSz2D992cRb2,spotify:track:3Jqst4jBvTFSz2D992cRb2,https://api.spotify.com/v1/tracks/3Jqst4jBvTFSz2D992cRb2,https://api.spotify.com/v1/audio-analysis/3Jqst4jBvTFSz2D992cRb2,194493.0,4.0
184560,GBAYE9200052,6V3XMo9xt4yl6pf0ULlaQg,Sleeping Satellite,Tasmin Archer,0.598,0.8,5.0,-10.574,0.0,0.0269,0.101,0.000143,0.263,0.77,96.069,audio_features,6V3XMo9xt4yl6pf0ULlaQg,spotify:track:6V3XMo9xt4yl6pf0ULlaQg,https://api.spotify.com/v1/tracks/6V3XMo9xt4yl6pf0ULlaQg,https://api.spotify.com/v1/audio-analysis/6V3XMo9xt4yl6pf0ULlaQg,258933.0,4.0
174499,USAT20102272,5xptjjmEkIP47L7w5reSOo,Something He Can Feel,Aretha Franklin,0.615,0.5680000000000001,0.0,-7.015,1.0,0.0468,0.267,0.0,0.2,0.65,106.955,audio_features,5xptjjmEkIP47L7w5reSOo,spotify:track:5xptjjmEkIP47L7w5reSOo,https://api.spotify.com/v1/tracks/5xptjjmEkIP47L7w5reSOo,https://api.spotify.com/v1/audio-analysis/5xptjjmEkIP47L7w5reSOo,374853.0,3.0
87083,USSM18300635,4hG4mBPK9mOPFYQIeAGNQa,Pressing My Luck,I-Ten,0.722,0.458,7.0,-9.905,0.0,0.0344,0.0125,0.00277,0.068,0.81,118.801,audio_features,4hG4mBPK9mOPFYQIeAGNQa,spotify:track:4hG4mBPK9mOPFYQIeAGNQa,https://api.spotify.com/v1/tracks/4hG4mBPK9mOPFYQIeAGNQa,https://api.spotify.com/v1/audio-analysis/4hG4mBPK9mOPFYQIeAGNQa,223893.0,4.0
249543,USAT20400415,3HBBnVu7jbBRaDnXMqjUya,Turn Me On,Kevin Lyttle,0.6880000000000001,0.764,9.0,-3.755,1.0,0.0434,0.0462,0.0,0.035,0.875,106.257,audio_features,3HBBnVu7jbBRaDnXMqjUya,spotify:track:3HBBnVu7jbBRaDnXMqjUya,https://api.spotify.com/v1/tracks/3HBBnVu7jbBRaDnXMqjUya,https://api.spotify.com/v1/audio-analysis/3HBBnVu7jbBRaDnXMqjUya,190080.0,4.0
37096,GBF077210002,6oKWHsj9w3VD7vrCeCzGLw,Fantasia on Greensleeves,Ralph Vaughan Williams,0.21,0.07,0.0,-26.885,0.0,0.0406,0.964,0.881,0.403,0.119,94.204,audio_features,6oKWHsj9w3VD7vrCeCzGLw,spotify:track:6oKWHsj9w3VD7vrCeCzGLw,https://api.spotify.com/v1/tracks/6oKWHsj9w3VD7vrCeCzGLw,https://api.spotify.com/v1/audio-analysis/6oKWHsj9w3VD7vrCeCzGLw,255107.0,4.0
316924,IT00D0301701,0DbdwGmYsyax64LpniHfxV,Love is Gonna Save Us,Benny Benassi,0.806,0.855,3.0,-4.472,1.0,0.805,0.227,0.0,0.0913,0.655,132.08,audio_features,0DbdwGmYsyax64LpniHfxV,spotify:track:0DbdwGmYsyax64LpniHfxV,https://api.spotify.com/v1/tracks/0DbdwGmYsyax64LpniHfxV,https://api.spotify.com/v1/audio-analysis/0DbdwGmYsyax64LpniHfxV,304980.0,4.0
337190,GBAYC8800857,0HeVN30Q9HvACXzv8m8pKu,"Suite bergamasque, L. 75: III. Clair de lune",Claude Debussy,0.264,0.0159,1.0,-26.092,1.0,0.0528,0.995,0.896,0.0716,0.0391,72.39,audio_features,0HeVN30Q9HvACXzv8m8pKu,spotify:track:0HeVN30Q9HvACXzv8m8pKu,https://api.spotify.com/v1/tracks/0HeVN30Q9HvACXzv8m8pKu,https://api.spotify.com/v1/audio-analysis/0HeVN30Q9HvACXzv8m8pKu,299693.0,3.0
373773,USEP40403128,3Rmo2zRRqGdfVZLlMzDuL9,Drastic Actions - Alternate Version,Bad Religion,0.43,0.79,0.0,-4.189,1.0,0.0288,0.0154,9.66e-06,0.104,0.478,128.552,audio_features,3Rmo2zRRqGdfVZLlMzDuL9,spotify:track:3Rmo2zRRqGdfVZLlMzDuL9,https://api.spotify.com/v1/tracks/3Rmo2zRRqGdfVZLlMzDuL9,https://api.spotify.com/v1/audio-analysis/3Rmo2zRRqGdfVZLlMzDuL9,152667.0,4.0
405406,USDJ28800015,5eRAeATuIUzBEhL5Cbmzoi,Don't Believe The Hype,Public Enemy,0.883,0.471,7.0,-13.784,1.0,0.387,0.0134,0.0,0.255,0.844,98.405,audio_features,5eRAeATuIUzBEhL5Cbmzoi,spotify:track:5eRAeATuIUzBEhL5Cbmzoi,https://api.spotify.com/v1/tracks/5eRAeATuIUzBEhL5Cbmzoi,https://api.spotify.com/v1/audio-analysis/5eRAeATuIUzBEhL5Cbmzoi,319360.0,4.0
3428,SEVBZ1109904,4cUJKi0k4spGbtk5hITZvh,Little Boxes All the Same,Cobolt,0.5650000000000001,0.182,0.0,-12.481,1.0,0.0282,0.6960000000000001,0.00943,0.112,0.0593,70.206,audio_features,4cUJKi0k4spGbtk5hITZvh,spotify:track:4cUJKi0k4spGbtk5hITZvh,https://api.spotify.com/v1/tracks/4cUJKi0k4spGbtk5hITZvh,https://api.spotify.com/v1/audio-analysis/4cUJKi0k4spGbtk5hITZvh,290360.0,3.0
1197,GBF078340112,0E1mdg0AP3D1GhCyxBvAh2,"15 Inventions, BWV 772-786: No. 12 in A Major, BWV 783",Johann Sebastian Bach,0.273,0.236,6.0,-23.374,0.0,0.036,0.983,0.91,0.129,0.918,115.934,audio_features,0E1mdg0AP3D1GhCyxBvAh2,spotify:track:0E1mdg0AP3D1GhCyxBvAh2,https://api.spotify.com/v1/tracks/0E1mdg0AP3D1GhCyxBvAh2,https://api.spotify.com/v1/audio-analysis/0E1mdg0AP3D1GhCyxBvAh2,69093.0,4.0
187411,USGF19821204,5YBdGzt3pzr23o2NrIbtSP,Living Dead Girl,Rob Zombie,0.518,0.948,6.0,-5.579,0.0,0.0676,0.00512,0.0996,0.228,0.548,103.025,audio_features,5YBdGzt3pzr23o2NrIbtSP,spotify:track:5YBdGzt3pzr23o2NrIbtSP,https://api.spotify.com/v1/tracks/5YBdGzt3pzr23o2NrIbtSP,https://api.spotify.com/v1/audio-analysis/5YBdGzt3pzr23o2NrIbtSP,201400.0,4.0
228198,USGR10200081,1rHc4xSPWYDS08DKTLTk5F,Whisper Not,Ella Fitzgerald,0.449,0.235,0.0,-11.407,0.0,0.0362,0.84,0.0,0.126,0.324,110.179,audio_features,1rHc4xSPWYDS08DKTLTk5F,spotify:track:1rHc4xSPWYDS08DKTLTk5F,https://api.spotify.com/v1/tracks/1rHc4xSPWYDS08DKTLTk5F,https://api.spotify.com/v1/audio-analysis/1rHc4xSPWYDS08DKTLTk5F,181867.0,4.0
55018,DEF056500800,5O5KjD79KhPSkfcK3PCsoZ,"Waltz No. 14 In E Minor, Op. Posth.: Vivace",Frédéric Chopin,0.256,0.0966,4.0,-22.149,1.0,0.0407,0.991,0.895,0.0958,0.221,89.239,audio_features,5O5KjD79KhPSkfcK3PCsoZ,spotify:track:5O5KjD79KhPSkfcK3PCsoZ,https://api.spotify.com/v1/tracks/5O5KjD79KhPSkfcK3PCsoZ,https://api.spotify.com/v1/audio-analysis/5O5KjD79KhPSkfcK3PCsoZ,178013.0,4.0
251391,DEA819800194,7nfrMedXJUyTP82oKEuyJn,Thinking of You (I Drive Myself Crazy),*NSYNC,0.502,0.687,9.0,-6.065,1.0,0.0318,0.0157,0.0,0.214,0.446,174.013,audio_features,7nfrMedXJUyTP82oKEuyJn,spotify:track:7nfrMedXJUyTP82oKEuyJn,https://api.spotify.com/v1/tracks/7nfrMedXJUyTP82oKEuyJn,https://api.spotify.com/v1/audio-analysis/7nfrMedXJUyTP82oKEuyJn,238253.0,4.0
221748,NLA329880314,1MHmFCQgmCYOqd4SFyJ3if,Locust of the Dead Earth,Vision Of Disorder,0.295,0.979,5.0,-3.409,1.0,0.118,1.34e-06,0.665,0.471,0.279,126.21,audio_features,1MHmFCQgmCYOqd4SFyJ3if,spotify:track:1MHmFCQgmCYOqd4SFyJ3if,https://api.spotify.com/v1/tracks/1MHmFCQgmCYOqd4SFyJ3if,https://api.spotify.com/v1/audio-analysis/1MHmFCQgmCYOqd4SFyJ3if,208173.0,4.0
89510,USBN29801010,6lgkhf5XLGA2wvgFeTy2cq,Fee-Fi-Fo-Fum - Remastered1998/Rudy Van Gelder Edition,Wayne Shorter,0.457,0.498,5.0,-7.74,0.0,0.037,0.76,0.0006309999999999,0.0858,0.367,158.114,audio_features,6lgkhf5XLGA2wvgFeTy2cq,spotify:track:6lgkhf5XLGA2wvgFeTy2cq,https://api.spotify.com/v1/tracks/6lgkhf5XLGA2wvgFeTy2cq,https://api.spotify.com/v1/audio-analysis/6lgkhf5XLGA2wvgFeTy2cq,354067.0,3.0
14100,USBN10300028,0fcfiL8hMovBpaBNPwis6c,All I Want for Christmas Is a Real Good Tan,Kenny Chesney,0.73,0.394,4.0,-11.818,1.0,0.0263,0.5690000000000001,0.0,0.207,0.728,103.002,audio_features,0fcfiL8hMovBpaBNPwis6c,spotify:track:0fcfiL8hMovBpaBNPwis6c,https://api.spotify.com/v1/tracks/0fcfiL8hMovBpaBNPwis6c,https://api.spotify.com/v1/audio-analysis/0fcfiL8hMovBpaBNPwis6c,278000.0,4.0
331203,USA371168406,4Yn1weRDIDwgcrJE6kJcSd,Low Dog,The Gaza Strippers,0.28,0.91,9.0,-2.478,1.0,0.0444,6.44e-06,0.68,0.0748,0.364,143.261,audio_features,4Yn1weRDIDwgcrJE6kJcSd,spotify:track:4Yn1weRDIDwgcrJE6kJcSd,https://api.spotify.com/v1/tracks/4Yn1weRDIDwgcrJE6kJcSd,https://api.spotify.com/v1/audio-analysis/4Yn1weRDIDwgcrJE6kJcSd,143531.0,4.0
352222,GBHKB0500012,5E7GWLzaCd7pG28dE6w5uH,Shiver,Natalie Imbruglia,0.488,0.796,1.0,-4.057,1.0,0.0325,0.00123,2.01e-06,0.168,0.279,94.187,audio_features,5E7GWLzaCd7pG28dE6w5uH,spotify:track:5E7GWLzaCd7pG28dE6w5uH,https://api.spotify.com/v1/tracks/5E7GWLzaCd7pG28dE6w5uH,https://api.spotify.com/v1/audio-analysis/5E7GWLzaCd7pG28dE6w5uH,222667.0,4.0
319665,USJAY0200307,7kdd8OpGVHDcMmJkitQpGl,Up & Down (In & Out) - Godson Remix,Deborah Cox,0.799,0.892,11.0,-5.271,0.0,0.0592,0.0599,0.173,0.0497,0.903,99.966,audio_features,7kdd8OpGVHDcMmJkitQpGl,spotify:track:7kdd8OpGVHDcMmJkitQpGl,https://api.spotify.com/v1/tracks/7kdd8OpGVHDcMmJkitQpGl,https://api.spotify.com/v1/audio-analysis/7kdd8OpGVHDcMmJkitQpGl,288427.0,4.0
114480,US2770500023,5ET7UOzktkXWqoL5u7u0nD,The Very Thing,Stars,0.6980000000000001,0.509,1.0,-14.732,1.0,0.0432,0.455,0.00791,0.116,0.302,104.017,audio_features,5ET7UOzktkXWqoL5u7u0nD,spotify:track:5ET7UOzktkXWqoL5u7u0nD,https://api.spotify.com/v1/tracks/5ET7UOzktkXWqoL5u7u0nD,https://api.spotify.com/v1/audio-analysis/5ET7UOzktkXWqoL5u7u0nD,206133.0,4.0
161596,USMC16946205,5ndvIuB7cX3PXrH7MHVOCf,Coal Miner's Daughter - Single Version,Loretta Lynn,0.602,0.442,9.0,-10.353,1.0,0.0304,0.911,0.0213,0.36,0.6000000000000001,137.325,audio_features,5ndvIuB7cX3PXrH7MHVOCf,spotify:track:5ndvIuB7cX3PXrH7MHVOCf,https://api.spotify.com/v1/tracks/5ndvIuB7cX3PXrH7MHVOCf,https://api.spotify.com/v1/audio-analysis/5ndvIuB7cX3PXrH7MHVOCf,178253.0,4.0
116534,USIR10000604,5xzeedrgfj1EhPnY7MpX8Z,Take A Look Around,Limp Bizkit,0.431,0.88,11.0,-4.797,1.0,0.0477,0.0115,0.24,0.113,0.522,102.024,audio_features,5xzeedrgfj1EhPnY7MpX8Z,spotify:track:5xzeedrgfj1EhPnY7MpX8Z,https://api.spotify.com/v1/tracks/5xzeedrgfj1EhPnY7MpX8Z,https://api.spotify.com/v1/audio-analysis/5xzeedrgfj1EhPnY7MpX8Z,319907.0,4.0
351120,USTN10500069,1PMMFB1tuKGa3U3QbWUs9L,Same Problem,Waking Ashland,0.47,0.707,10.0,-3.508,1.0,0.0266,0.0425,0.0,0.115,0.458,89.977,audio_features,1PMMFB1tuKGa3U3QbWUs9L,spotify:track:1PMMFB1tuKGa3U3QbWUs9L,https://api.spotify.com/v1/tracks/1PMMFB1tuKGa3U3QbWUs9L,https://api.spotify.com/v1/audio-analysis/1PMMFB1tuKGa3U3QbWUs9L,210893.0,4.0
166641,GBBBA6650243,3LBLoG37YioL3rvJvCyBv6,Five Minuets K. 461: No. 3 in G,Wolfgang Amadeus Mozart,0.347,0.0438,7.0,-17.447,1.0,0.04,0.988,0.306,0.218,0.389,127.671,audio_features,3LBLoG37YioL3rvJvCyBv6,spotify:track:3LBLoG37YioL3rvJvCyBv6,https://api.spotify.com/v1/tracks/3LBLoG37YioL3rvJvCyBv6,https://api.spotify.com/v1/audio-analysis/3LBLoG37YioL3rvJvCyBv6,123000.0,3.0
395565,ITI029400013,2t1I5cBkS9Fv9qiI1wlywP,The Ghetto,Jestofunk,0.85,0.742,2.0,-8.105,0.0,0.034,0.34,0.0067,0.105,0.642,113.112,audio_features,2t1I5cBkS9Fv9qiI1wlywP,spotify:track:2t1I5cBkS9Fv9qiI1wlywP,https://api.spotify.com/v1/tracks/2t1I5cBkS9Fv9qiI1wlywP,https://api.spotify.com/v1/audio-analysis/2t1I5cBkS9Fv9qiI1wlywP,426560.0,4.0
