ISRC,name,artist,danceability,energy,key,loudness,mode,speechiness,acousticness,instrumentalness,liveness,valence,tempo,type,id,uri,track_href,analysis_url,duration_ms,time_signature
USDPK1302610,Rip Her To Shreds - Rerecorded 2014 Version,Blondie,0.574,0.772,9,-5.741,1,0.0284,0.0279,0.0,0.316,0.83,122.666,audio_features,3GW1xHG3ypKH1tykgV9q9h,spotify:track:3GW1xHG3ypKH1tykgV9q9h,https://api.spotify.com/v1/tracks/3GW1xHG3ypKH1tykgV9q9h,https://api.spotify.com/v1/audio-analysis/3GW1xHG3ypKH1tykgV9q9h,198947,4
USUM71713419,Framed,Eminem,0.744,0.827,7,-2.972,1,0.113,0.0136,0.0,0.272,0.735,145.972,audio_features,4UTpObwAYO67yymOoCeXwS,spotify:track:4UTpObwAYO67yymOoCeXwS,https://api.spotify.com/v1/tracks/4UTpObwAYO67yymOoCeXwS,https://api.spotify.com/v1/audio-analysis/4UTpObwAYO67yymOoCeXwS,252960,4
USMO19682942,Steelo,702,0.767,0.731,8,-8.109,0,0.114,0.103,0.00364,0.102,0.678,90.997,audio_features,5OQO6NEs89flntUWPtXUiG,spotify:track:5OQO6NEs89flntUWPtXUiG,https://api.spotify.com/v1/tracks/5OQO6NEs89flntUWPtXUiG,https://api.spotify.com/v1/audio-analysis/5OQO6NEs89flntUWPtXUiG,257960,4
USRC11902562,Do You Hear What I Hear?,Pentatonix,0.316,0.714,8,-4.981,1,0.0387,0.00931,0.0,0.117,0.306,72.785,audio_features,2QEJNfOrRjC4O1msrVXJo4,spotify:track:2QEJNfOrRjC4O1msrVXJo4,https://api.spotify.com/v1/tracks/2QEJNfOrRjC4O1msrVXJo4,https://api.spotify.com/v1/audio-analysis/2QEJNfOrRjC4O1msrVXJo4,213880,4
USMC19901583,This Christmas,Reba McEntire,0.6,0.306,5,-13.558,1,0.0312,0.066,0.0,0.187,0.247,118.778,audio_features,4OMd3nYmYFemHUYhGOlPOU,spotify:track:4OMd3nYmYFemHUYhGOlPOU,https://api.spotify.com/v1/tracks/4OMd3nYmYFemHUYhGOlPOU,https://api.spotify.com/v1/audio-analysis/4OMd3nYmYFemHUYhGOlPOU,232000,4
USRC11901801,"Long Black Limousine - Takes 1, 2, 3 & 5",Elvis Presley,0.383,0.172,7,-19.921,1,0.0435,0.72,0.0108,0.371,0.209,78.542,audio_features,2V65oecfTVg7YpELRdHtqe,spotify:track:2V65oecfTVg7YpELRdHtqe,https://api.spotify.com/v1/tracks/2V65oecfTVg7YpELRdHtqe,https://api.spotify.com/v1/audio-analysis/2V65oecfTVg7YpELRdHtqe,281267,4
CAC229800164,Falling Into You,Céline Dion,0.371,0.505,2,-9.052,0,0.0314,0.382,0.0,0.115,0.564,193.246,audio_features,7KWMxUH7lORLTob6aMpXBU,spotify:track:7KWMxUH7lORLTob6aMpXBU,https://api.spotify.com/v1/tracks/7KWMxUH7lORLTob6aMpXBU,https://api.spotify.com/v1/audio-analysis/7KWMxUH7lORLTob6aMpXBU,258240,4
QZS7J2273700,I'm From 21st Street,Snoop Dogg,0.707,0.601,10,-5.061,0,0.171,0.0467,0.0,0.177,0.357,103.084,audio_features,34LfKSiRgJbMDVT99DQwfI,spotify:track:34LfKSiRgJbMDVT99DQwfI,https://api.spotify.com/v1/tracks/34LfKSiRgJbMDVT99DQwfI,https://api.spotify.com/v1/audio-analysis/34LfKSiRgJbMDVT99DQwfI,195787,4
USTB10250000,O.P.P,Naughty By Nature,0.848,0.838,4,-11.949,0,0.0721,0.0326,4.89e-06,0.124,0.787,97.736,audio_features,1k28sDTLOz942qa3wEtMQE,spotify:track:1k28sDTLOz942qa3wEtMQE,https://api.spotify.com/v1/tracks/1k28sDTLOz942qa3wEtMQE,https://api.spotify.com/v1/audio-analysis/1k28sDTLOz942qa3wEtMQE,271067,4
USBB40580876,Is This the End (Pt. 2) (feat. Twista),Diddy,0.472,0.858,8,-6.263,1,0.281,0.123,0.0,0.189,0.707,72.031,audio_features,5GgeOAiiaPPXTTKrLIOolH,spotify:track:5GgeOAiiaPPXTTKrLIOolH,https://api.spotify.com/v1/tracks/5GgeOAiiaPPXTTKrLIOolH,https://api.spotify.com/v1/audio-analysis/5GgeOAiiaPPXTTKrLIOolH,279057,4
USSM19900594,Promise Me You'll Try,Jennifer Lopez,0.625,0.444,1,-8.41,1,0.0239,0.618,0.000138,0.132,0.14,105.874,audio_features,5q89uR2RL6kNpSfYCqSzzL,spotify:track:5q89uR2RL6kNpSfYCqSzzL,https://api.spotify.com/v1/tracks/5q89uR2RL6kNpSfYCqSzzL,https://api.spotify.com/v1/audio-analysis/5q89uR2RL6kNpSfYCqSzzL,231733,4
USRC11901346,"Monologue (Lifestory) - Live at The International Hotel, Las Vegas, NV - 8/22/69 Dinner Show",Elvis Presley,0.505,0.627,1,-18.915,1,0.912,0.846,0.0,0.97,0.103,121.829,audio_features,3aaSrkOEsTOUEjCeirwOrm,spotify:track:3aaSrkOEsTOUEjCeirwOrm,https://api.spotify.com/v1/tracks/3aaSrkOEsTOUEjCeirwOrm,https://api.spotify.com/v1/audio-analysis/3aaSrkOEsTOUEjCeirwOrm,608280,4
USUG12103085,Reefer Head Woman,Aerosmith,0.478,0.645,4,-8.316,0,0.198,0.482,0.031,0.61,0.657,144.974,audio_features,58wkIWSCm3QXa5xlND4gl9,spotify:track:58wkIWSCm3QXa5xlND4gl9,https://api.spotify.com/v1/tracks/58wkIWSCm3QXa5xlND4gl9,https://api.spotify.com/v1/audio-analysis/58wkIWSCm3QXa5xlND4gl9,337960,3
GBUM70710586,Drunk Chicken / America,U2,0.641,0.628,7,-13.763,1,0.0808,0.869,0.000534,0.0677,0.606,103.239,audio_features,3ZKNiTYGbFIU2AiXGJpp6Z,spotify:track:3ZKNiTYGbFIU2AiXGJpp6Z,https://api.spotify.com/v1/tracks/3ZKNiTYGbFIU2AiXGJpp6Z,https://api.spotify.com/v1/audio-analysis/3ZKNiTYGbFIU2AiXGJpp6Z,91251,4
GBCCS1900017,Blackbird - Live At Amoeba 2007,Paul McCartney,0.468,0.453,7,-15.13,1,0.102,0.622,3.26e-06,0.444,0.764,90.214,audio_features,1zuL3Wo4qG7TRmemWEfiUO,spotify:track:1zuL3Wo4qG7TRmemWEfiUO,https://api.spotify.com/v1/tracks/1zuL3Wo4qG7TRmemWEfiUO,https://api.spotify.com/v1/audio-analysis/1zuL3Wo4qG7TRmemWEfiUO,224387,4
USAR10201244,Do You Hear What I Hear?,Kenny G,0.289,0.283,5,-13.51,1,0.0347,0.589,0.357,0.101,0.0793,72.562,audio_features,1srUAekvUXm1PCLXbRc2pv,spotify:track:1srUAekvUXm1PCLXbRc2pv,https://api.spotify.com/v1/tracks/1srUAekvUXm1PCLXbRc2pv,https://api.spotify.com/v1/audio-analysis/1srUAekvUXm1PCLXbRc2pv,187493,3
USIR39200064,Burning Hell,R.E.M.,0.459,0.935,4,-5.867,1,0.0493,0.00373,0.00496,0.0892,0.636,137.251,audio_features,3vcfoWLtc3msAdoTeRI09L,spotify:track:3vcfoWLtc3msAdoTeRI09L,https://api.spotify.com/v1/tracks/3vcfoWLtc3msAdoTeRI09L,https://api.spotify.com/v1/audio-analysis/3vcfoWLtc3msAdoTeRI09L,229360,4
USSM10507098,Check On It (feat. Slim Thug) - King Klub Mix,Beyoncé,0.793,0.847,2,-6.476,1,0.0373,0.000559,0.00427,0.0561,0.576,129.994,audio_features,7akK6Fiztqgh8SvgCtbkXE,spotify:track:7akK6Fiztqgh8SvgCtbkXE,https://api.spotify.com/v1/tracks/7akK6Fiztqgh8SvgCtbkXE,https://api.spotify.com/v1/audio-analysis/7akK6Fiztqgh8SvgCtbkXE,408173,4
USPO19800014,Snoop World,Snoop Dogg,0.752,0.723,7,-6.188,1,0.149,0.178,0.0,0.228,0.927,81.549,audio_features,4j6Wplh7OGXVNWk3Ucj38S,spotify:track:4j6Wplh7OGXVNWk3Ucj38S,https://api.spotify.com/v1/tracks/4j6Wplh7OGXVNWk3Ucj38S,https://api.spotify.com/v1/audio-analysis/4j6Wplh7OGXVNWk3Ucj38S,319733,4
USIR10400451,Welcome To D-Block,Jadakiss,0.697,0.891,7,-3.296,0,0.441,0.0631,0.0,0.369,0.563,178.001,audio_features,3CegiqcSMdRO8Acm2iplpx,spotify:track:3CegiqcSMdRO8Acm2iplpx,https://api.spotify.com/v1/tracks/3CegiqcSMdRO8Acm2iplpx,https://api.spotify.com/v1/audio-analysis/3CegiqcSMdRO8Acm2iplpx,265493,4
USUM70618664,We're Back,Eminem,0.575,0.76,6,-5.464,1,0.446,0.00996,0.0,0.624,0.683,87.584,audio_features,4THxOiCuDZ0yWxwRJfbPX7,spotify:track:4THxOiCuDZ0yWxwRJfbPX7,https://api.spotify.com/v1/tracks/4THxOiCuDZ0yWxwRJfbPX7,https://api.spotify.com/v1/audio-analysis/4THxOiCuDZ0yWxwRJfbPX7,239640,4
USBB40580123,"24 Hrs. to Live (feat. The Lox, Black Rob & DMX)",Mase,0.66,0.869,5,-5.917,0,0.265,0.0985,0.0,0.187,0.652,95.625,audio_features,02dwHTP8NS3rOaOWhg8j7V,spotify:track:02dwHTP8NS3rOaOWhg8j7V,https://api.spotify.com/v1/tracks/02dwHTP8NS3rOaOWhg8j7V,https://api.spotify.com/v1/audio-analysis/02dwHTP8NS3rOaOWhg8j7V,256040,4
DEA819700266,Giddy Up,*NSYNC,0.738,0.868,2,-4.068,1,0.178,0.0252,0.0,0.817,0.656,93.022,audio_features,0Yu21Cpdic4CdQtcHC31gu,spotify:track:0Yu21Cpdic4CdQtcHC31gu,https://api.spotify.com/v1/tracks/0Yu21Cpdic4CdQtcHC31gu,https://api.spotify.com/v1/audio-analysis/0Yu21Cpdic4CdQtcHC31gu,248800,4
USWB11001968,Postcards from Paradise,The Goo Goo Dolls,0.433,0.863,9,-4.035,1,0.0408,6.44e-05,0.0,0.248,0.366,137.063,audio_features,0b0bFuuoKsw9QKsAuKnzrD,spotify:track:0b0bFuuoKsw9QKsAuKnzrD,https://api.spotify.com/v1/tracks/0b0bFuuoKsw9QKsAuKnzrD,https://api.spotify.com/v1/audio-analysis/0b0bFuuoKsw9QKsAuKnzrD,221920,4
GBAHK9500187,(You To Be) Be Happy (feat. The Notorious B.I.G.),R. Kelly,0.861,0.257,5,-10.913,0,0.19,0.0291,0.0,0.0773,0.74,91.669,audio_features,764KVX6JBhL0P1CvBzzaHz,spotify:track:764KVX6JBhL0P1CvBzzaHz,https://api.spotify.com/v1/tracks/764KVX6JBhL0P1CvBzzaHz,https://api.spotify.com/v1/audio-analysis/764KVX6JBhL0P1CvBzzaHz,276493,4
USUM71116427,No Condition,Mary J. Blige,0.466,0.686,8,-5.497,0,0.0701,0.129,0.0,0.214,0.206,168.126,audio_features,7imd08qqZyNZPF5TjrObE3,spotify:track:7imd08qqZyNZPF5TjrObE3,https://api.spotify.com/v1/tracks/7imd08qqZyNZPF5TjrObE3,https://api.spotify.com/v1/audio-analysis/7imd08qqZyNZPF5TjrObE3,267040,4
USSM19605549,Free,Train,0.525,0.632,7,-6.733,1,0.04,0.0499,0.00123,0.146,0.549,90.681,audio_features,52c6dblWeVKfwixyo8zOSd,spotify:track:52c6dblWeVKfwixyo8zOSd,https://api.spotify.com/v1/tracks/52c6dblWeVKfwixyo8zOSd,https://api.spotify.com/v1/audio-analysis/52c6dblWeVKfwixyo8zOSd,237600,4
USSJ10900253,Rock Star,Everclear,0.533,0.994,5,-2.977,0,0.107,0.0046,0.00744,0.356,0.516,124.548,audio_features,2KPRbewG7pcJaJbNt3u68C,spotify:track:2KPRbewG7pcJaJbNt3u68C,https://api.spotify.com/v1/tracks/2KPRbewG7pcJaJbNt3u68C,https://api.spotify.com/v1/audio-analysis/2KPRbewG7pcJaJbNt3u68C,199640,4
GBUM71501202,I Got You,Leona Lewis,0.613,0.805,5,-2.714,1,0.0436,0.00914,0.0066,0.151,0.167,123.892,audio_features,03OaBJ2zyZwlFv2DqHkeYi,spotify:track:03OaBJ2zyZwlFv2DqHkeYi,https://api.spotify.com/v1/tracks/03OaBJ2zyZwlFv2DqHkeYi,https://api.spotify.com/v1/audio-analysis/03OaBJ2zyZwlFv2DqHkeYi,181004,4
USBHD0901281,Rotate,Capone-N-Noreaga,0.502,0.907,0,-2.622,1,0.17,0.313,0.0,0.115,0.675,101.883,audio_features,7uDpEjACJival9hGDOVZrR,spotify:track:7uDpEjACJival9hGDOVZrR,https://api.spotify.com/v1/tracks/7uDpEjACJival9hGDOVZrR,https://api.spotify.com/v1/audio-analysis/7uDpEjACJival9hGDOVZrR,254173,4
GBCCS1000166,On The Way - Remastered 2011,Paul McCartney,0.606,0.417,10,-9.112,0,0.0318,0.247,0.0559,0.37,0.713,86.78,audio_features,4ygpQjXE9GfNe6IwseygSM,spotify:track:4ygpQjXE9GfNe6IwseygSM,https://api.spotify.com/v1/tracks/4ygpQjXE9GfNe6IwseygSM,https://api.spotify.com/v1/audio-analysis/4ygpQjXE9GfNe6IwseygSM,219067,4
GBCCS1000193,On The Way - Remastered 2011,Paul McCartney,0.606,0.417,10,-9.112,0,0.0318,0.247,0.0559,0.37,0.713,86.78,audio_features,04NwYtnKWEqP294zHkyuFW,spotify:track:04NwYtnKWEqP294zHkyuFW,https://api.spotify.com/v1/tracks/04NwYtnKWEqP294zHkyuFW,https://api.spotify.com/v1/audio-analysis/04NwYtnKWEqP294zHkyuFW,219067,4
USUM71107647,"I Need Your Lovin' - 1981/Live In Long Beach, CA",Teena Marie,0.503,0.867,11,-6.82,0,0.131,0.0259,4.59e-06,0.809,0.539,116.818,audio_features,6Pd2bTmslqLFL4nhMB4F1j,spotify:track:6Pd2bTmslqLFL4nhMB4F1j,https://api.spotify.com/v1/tracks/6Pd2bTmslqLFL4nhMB4F1j,https://api.spotify.com/v1/audio-analysis/6Pd2bTmslqLFL4nhMB4F1j,331400,4
USUYG1268695,Turn Me On (feat. Chris Brown),Snoop Dogg,0.765,0.861,1,-5.306,1,0.23,0.0799,0.0,0.0881,0.911,114.139,audio_features,5pzN5RD53nekUBaJ7a4fi4,spotify:track:5pzN5RD53nekUBaJ7a4fi4,https://api.spotify.com/v1/tracks/5pzN5RD53nekUBaJ7a4fi4,https://api.spotify.com/v1/audio-analysis/5pzN5RD53nekUBaJ7a4fi4,197687,4
NLC529811111,Up & Down,Vengaboys,0.789,0.959,6,-5.806,1,0.0629,0.000366,0.768,0.0366,0.921,136.006,audio_features,3uyJrbOnK7fMunoFjRfsew,spotify:track:3uyJrbOnK7fMunoFjRfsew,https://api.spotify.com/v1/tracks/3uyJrbOnK7fMunoFjRfsew,https://api.spotify.com/v1/audio-analysis/3uyJrbOnK7fMunoFjRfsew,224283,4
QM43A1700182,10 Million Stars,Brian McKnight,0.754,0.678,10,-5.704,0,0.0395,0.0396,0.000407,0.345,0.194,124.001,audio_features,0Tor8Q3e16Mv0rzzbnZhGf,spotify:track:0Tor8Q3e16Mv0rzzbnZhGf,https://api.spotify.com/v1/tracks/0Tor8Q3e16Mv0rzzbnZhGf,https://api.spotify.com/v1/audio-analysis/0Tor8Q3e16Mv0rzzbnZhGf,258613,4
GBAYE1000010,On Melancholy Hill,Gorillaz,0.689,0.739,2,-5.81,1,0.026,1.51e-05,0.509,0.064,0.578,120.423,audio_features,0q6LuUqGLUiCPP1cbdwFs3,spotify:track:0q6LuUqGLUiCPP1cbdwFs3,https://api.spotify.com/v1/tracks/0q6LuUqGLUiCPP1cbdwFs3,https://api.spotify.com/v1/audio-analysis/0q6LuUqGLUiCPP1cbdwFs3,233867,4
USMC19801311,Face To Face,Reba McEntire,0.605,0.747,9,-6.878,1,0.0419,0.0584,0.0,0.0665,0.6,121.031,audio_features,66vWbqRb4yHB7yfgXdH4Cr,spotify:track:66vWbqRb4yHB7yfgXdH4Cr,https://api.spotify.com/v1/tracks/66vWbqRb4yHB7yfgXdH4Cr,https://api.spotify.com/v1/audio-analysis/66vWbqRb4yHB7yfgXdH4Cr,239907,4
USBB40580823,Just Playing (Dreams) - 2005 Remaster,The Notorious B.I.G.,0.773,0.668,6,-5.007,0,0.37,0.5,0.0,0.118,0.674,177.669,audio_features,61fT12l0R16DiB9dd4zkfy,spotify:track:61fT12l0R16DiB9dd4zkfy,https://api.spotify.com/v1/tracks/61fT12l0R16DiB9dd4zkfy,https://api.spotify.com/v1/audio-analysis/61fT12l0R16DiB9dd4zkfy,163480,4
USJI19810413,When a Woman's Fed Up,R. Kelly,0.682,0.579,2,-6.526,0,0.101,0.467,2.21e-06,0.0952,0.712,76.915,audio_features,015A6ZcNAWSSuwY7iDcD1b,spotify:track:015A6ZcNAWSSuwY7iDcD1b,https://api.spotify.com/v1/tracks/015A6ZcNAWSSuwY7iDcD1b,https://api.spotify.com/v1/audio-analysis/015A6ZcNAWSSuwY7iDcD1b,278760,4
USUM72116299,Pure Souls,Kanye West,0.381,0.528,5,-6.997,1,0.0449,0.102,0.0,0.269,0.256,97.207,audio_features,5aqUqSq0SqGBAqEn27PEzc,spotify:track:5aqUqSq0SqGBAqEn27PEzc,https://api.spotify.com/v1/tracks/5aqUqSq0SqGBAqEn27PEzc,https://api.spotify.com/v1/audio-analysis/5aqUqSq0SqGBAqEn27PEzc,358622,4
USUM70759578,Till The Morning,Mary J. Blige,0.878,0.764,1,-3.912,1,0.0502,0.00583,0.00694,0.0551,0.555,102.981,audio_features,2IaCIkWFQpDflhVcCrNQG9,spotify:track:2IaCIkWFQpDflhVcCrNQG9,https://api.spotify.com/v1/tracks/2IaCIkWFQpDflhVcCrNQG9,https://api.spotify.com/v1/audio-analysis/2IaCIkWFQpDflhVcCrNQG9,257840,4
QM7281713575,No Es Culpa Mía,Daddy Yankee,0.8,0.843,10,-4.379,1,0.0852,0.46,2.09e-06,0.0821,0.686,94.054,audio_features,0937oNIIoi0sDwjJ6z0Wnz,spotify:track:0937oNIIoi0sDwjJ6z0Wnz,https://api.spotify.com/v1/tracks/0937oNIIoi0sDwjJ6z0Wnz,https://api.spotify.com/v1/audio-analysis/0937oNIIoi0sDwjJ6z0Wnz,107572,4
GBAYE1501126,Every Day's Like Christmas - A Stock Aitken Waterman Remix,Kylie Minogue,0.622,0.802,11,-7.465,0,0.0351,0.0444,0.141,0.291,0.632,120.069,audio_features,3kovXmGPLUNOeJeE6EG3Gu,spotify:track:3kovXmGPLUNOeJeE6EG3Gu,https://api.spotify.com/v1/tracks/3kovXmGPLUNOeJeE6EG3Gu,https://api.spotify.com/v1/audio-analysis/3kovXmGPLUNOeJeE6EG3Gu,212959,4
USSM11808257,Runway,Mariah Carey,0.361,0.729,11,-5.82,1,0.0421,0.03,0.000207,0.251,0.523,97.525,audio_features,55v1RKwOLqnrEFunZoJiLg,spotify:track:55v1RKwOLqnrEFunZoJiLg,https://api.spotify.com/v1/tracks/55v1RKwOLqnrEFunZoJiLg,https://api.spotify.com/v1/audio-analysis/55v1RKwOLqnrEFunZoJiLg,221400,3
USWB19800951,Sad Professor,R.E.M.,0.423,0.302,2,-10.406,1,0.0294,0.258,0.00309,0.363,0.209,120.473,audio_features,0Ztmm8K7D2kzGj4RxlEEpl,spotify:track:0Ztmm8K7D2kzGj4RxlEEpl,https://api.spotify.com/v1/tracks/0Ztmm8K7D2kzGj4RxlEEpl,https://api.spotify.com/v1/audio-analysis/0Ztmm8K7D2kzGj4RxlEEpl,243667,4
USAR19000191,Who Do You Love,Whitney Houston,0.764,0.892,6,-7.953,1,0.0334,0.45,7.43e-06,0.279,0.949,117.187,audio_features,2dUFDcYgiXgDO7ohd52kRr,spotify:track:2dUFDcYgiXgDO7ohd52kRr,https://api.spotify.com/v1/tracks/2dUFDcYgiXgDO7ohd52kRr,https://api.spotify.com/v1/audio-analysis/2dUFDcYgiXgDO7ohd52kRr,237040,4
USIR19801882,A8,Black Eyed Peas,0.821,0.663,6,-6.715,0,0.174,0.0117,0.000122,0.154,0.746,97.901,audio_features,2oLE9LW7QKBBufjYrq0hWz,spotify:track:2oLE9LW7QKBBufjYrq0hWz,https://api.spotify.com/v1/tracks/2oLE9LW7QKBBufjYrq0hWz,https://api.spotify.com/v1/audio-analysis/2oLE9LW7QKBBufjYrq0hWz,232227,4
USEE19792136,One (feat. Erykah Badu),Busta Rhymes,0.839,0.524,6,-8.042,1,0.478,0.572,3.45e-06,0.125,0.672,88.09,audio_features,7xPReJAskopYnXc0u3so36,spotify:track:7xPReJAskopYnXc0u3so36,https://api.spotify.com/v1/tracks/7xPReJAskopYnXc0u3so36,https://api.spotify.com/v1/audio-analysis/7xPReJAskopYnXc0u3so36,263533,4
USC4R1021297,Still Hurts,Macy Gray,0.623,0.424,7,-7.848,1,0.0459,0.000512,0.0,0.537,0.354,77.27,audio_features,2w44WwU0ks03F9nBCqMmZG,spotify:track:2w44WwU0ks03F9nBCqMmZG,https://api.spotify.com/v1/tracks/2w44WwU0ks03F9nBCqMmZG,https://api.spotify.com/v1/audio-analysis/2w44WwU0ks03F9nBCqMmZG,230027,4
USDJ20010555,1-900-Hustler - Album Version (Edited),JAY-Z,0.464,0.914,10,-4.288,0,0.416,0.0786,0.0,0.312,0.549,179.728,audio_features,13kc77e7bhC4cz1EBswyEv,spotify:track:13kc77e7bhC4cz1EBswyEv,https://api.spotify.com/v1/tracks/13kc77e7bhC4cz1EBswyEv,https://api.spotify.com/v1/audio-analysis/13kc77e7bhC4cz1EBswyEv,230627,4
QZQAY2339672,"Chicken, Spice & Curry",Joeboy,0.585,0.539,1,-7.802,0,0.175,0.489,0.0,0.079,0.146,101.282,audio_features,6DSf9NZbwzTny9sSuuyyyo,spotify:track:6DSf9NZbwzTny9sSuuyyyo,https://api.spotify.com/v1/tracks/6DSf9NZbwzTny9sSuuyyyo,https://api.spotify.com/v1/audio-analysis/6DSf9NZbwzTny9sSuuyyyo,117640,4
USDJ20010446,F*** You - Album Version (Edited),Ja Rule,0.813,0.841,11,-4.53,1,0.266,0.0937,0.0,0.0673,0.832,94.012,audio_features,6abuC87q5HVqpgPC2PTgpK,spotify:track:6abuC87q5HVqpgPC2PTgpK,https://api.spotify.com/v1/tracks/6abuC87q5HVqpgPC2PTgpK,https://api.spotify.com/v1/audio-analysis/6abuC87q5HVqpgPC2PTgpK,253400,4
USSM10412576,Crazy Ho (feat. Strong Arm Steady) - Xplicit Album Version,Xzibit,0.693,0.649,3,-6.232,0,0.397,0.0734,0.0,0.371,0.711,96.323,audio_features,5cU34j24r2zBhOvfiBIWkF,spotify:track:5cU34j24r2zBhOvfiBIWkF,https://api.spotify.com/v1/tracks/5cU34j24r2zBhOvfiBIWkF,https://api.spotify.com/v1/audio-analysis/5cU34j24r2zBhOvfiBIWkF,264987,4
GBBMQ0000113,Star 69,Fatboy Slim,0.846,0.842,0,-10.019,1,0.167,0.149,0.0942,0.481,0.265,135.625,audio_features,3zUBUVy7wL8pJVEUIsUTcS,spotify:track:3zUBUVy7wL8pJVEUIsUTcS,https://api.spotify.com/v1/tracks/3zUBUVy7wL8pJVEUIsUTcS,https://api.spotify.com/v1/audio-analysis/3zUBUVy7wL8pJVEUIsUTcS,343547,4
USZXT1042312,Comin' Up,Pimp C,0.572,0.721,4,-4.213,0,0.34,0.00786,0.0,0.615,0.729,172.332,audio_features,5ED3fiGLNsaOoeTWN4a3w4,spotify:track:5ED3fiGLNsaOoeTWN4a3w4,https://api.spotify.com/v1/tracks/5ED3fiGLNsaOoeTWN4a3w4,https://api.spotify.com/v1/audio-analysis/5ED3fiGLNsaOoeTWN4a3w4,297373,4
USSM10500413,Like You (feat. Ciara),Bow Wow,0.714,0.6,6,-8.365,1,0.0876,0.0465,0.0,0.0646,0.504,82.017,audio_features,3jEqrIfwKO0M8ALu3TGilF,spotify:track:3jEqrIfwKO0M8ALu3TGilF,https://api.spotify.com/v1/tracks/3jEqrIfwKO0M8ALu3TGilF,https://api.spotify.com/v1/audio-analysis/3jEqrIfwKO0M8ALu3TGilF,205840,4
USJI10600501,Sexy Ladies,Justin Timberlake,0.896,0.452,6,-5.637,1,0.258,0.0171,0.00782,0.0645,0.644,99.905,audio_features,5Gq7IN29DbgUO8Ris1TZKl,spotify:track:5Gq7IN29DbgUO8Ris1TZKl,https://api.spotify.com/v1/tracks/5Gq7IN29DbgUO8Ris1TZKl,https://api.spotify.com/v1/audio-analysis/5Gq7IN29DbgUO8Ris1TZKl,238600,4
USGF19822221,A Long December - Live at Hammerstein Ballroom / 1997,Counting Crows,0.304,0.611,5,-7.654,1,0.0452,0.716,5.07e-06,0.963,0.32,151.138,audio_features,6EK1KsTwF3YMDmhs3X4bwz,spotify:track:6EK1KsTwF3YMDmhs3X4bwz,https://api.spotify.com/v1/tracks/6EK1KsTwF3YMDmhs3X4bwz,https://api.spotify.com/v1/audio-analysis/6EK1KsTwF3YMDmhs3X4bwz,366160,4
USAR19800147,I Bow Out,Whitney Houston,0.719,0.646,9,-8.409,0,0.152,0.0317,0.0,0.0335,0.681,159.825,audio_features,2VgaALs0kKa9EG76A7T7uB,spotify:track:2VgaALs0kKa9EG76A7T7uB,https://api.spotify.com/v1/tracks/2VgaALs0kKa9EG76A7T7uB,https://api.spotify.com/v1/audio-analysis/2VgaALs0kKa9EG76A7T7uB,269867,4
USDJ29905448,Dem Niggaz,The Murderers,0.615,0.699,10,-5.534,0,0.563,0.0563,0.0,0.0753,0.615,175.806,audio_features,52xCoS5awAn8ibIf6XSQzO,spotify:track:52xCoS5awAn8ibIf6XSQzO,https://api.spotify.com/v1/tracks/52xCoS5awAn8ibIf6XSQzO,https://api.spotify.com/v1/audio-analysis/52xCoS5awAn8ibIf6XSQzO,151400,4
USDJ29905363,Comin' For Ya - Album Version (Edited),DMX,0.689,0.948,7,-4.985,1,0.271,0.0768,0.0,0.317,0.552,114.324,audio_features,0FPzQohiazPICPTX2xjN2T,spotify:track:0FPzQohiazPICPTX2xjN2T,https://api.spotify.com/v1/tracks/0FPzQohiazPICPTX2xjN2T,https://api.spotify.com/v1/audio-analysis/0FPzQohiazPICPTX2xjN2T,242040,5
USIR19300811,Guess Who's Back,2Pac,0.825,0.677,2,-11.15,1,0.0799,0.0139,0.00605,0.274,0.376,98.089,audio_features,5bZCSkq9M9rDS59yIt2Fxj,spotify:track:5bZCSkq9M9rDS59yIt2Fxj,https://api.spotify.com/v1/tracks/5bZCSkq9M9rDS59yIt2Fxj,https://api.spotify.com/v1/audio-analysis/5bZCSkq9M9rDS59yIt2Fxj,186533,4
USJI11100254,I Wanna Go - Captain Cuts Club Mix,Britney Spears,0.651,0.839,0,-5.887,1,0.0538,0.00271,0.00558,0.102,0.611,125.03,audio_features,4STdlo6AFbmXjsWcodc9LK,spotify:track:4STdlo6AFbmXjsWcodc9LK,https://api.spotify.com/v1/tracks/4STdlo6AFbmXjsWcodc9LK,https://api.spotify.com/v1/audio-analysis/4STdlo6AFbmXjsWcodc9LK,283080,4
USUM70998448,Heard 'Em All Remix,Amerie,0.813,0.667,1,-6.594,1,0.189,0.0154,3.91e-05,0.0534,0.307,97.976,audio_features,3zX1HiiJ8JsZ4SmnZwvCJd,spotify:track:3zX1HiiJ8JsZ4SmnZwvCJd,https://api.spotify.com/v1/tracks/3zX1HiiJ8JsZ4SmnZwvCJd,https://api.spotify.com/v1/audio-analysis/3zX1HiiJ8JsZ4SmnZwvCJd,236747,4
USEW20100198,Take Away (feat. Ginuwine),Missy Elliott,0.835,0.432,1,-9.311,0,0.06,0.428,4.57e-06,0.0508,0.661,125.852,audio_features,53cVCGWe27PNZfb0KNUnjt,spotify:track:53cVCGWe27PNZfb0KNUnjt,https://api.spotify.com/v1/tracks/53cVCGWe27PNZfb0KNUnjt,https://api.spotify.com/v1/audio-analysis/53cVCGWe27PNZfb0KNUnjt,299067,4
USBB40706450,"Running Your Mouth (feat. Snoop Dogg, Nate Dogg, Fabolous & Busta Rhymes) - 2007 Remaster",The Notorious B.I.G.,0.699,0.763,5,-4.298,1,0.151,0.038,0.0,0.305,0.676,96.944,audio_features,52JoBoFhLbCz0XF0RvwJcR,spotify:track:52JoBoFhLbCz0XF0RvwJcR,https://api.spotify.com/v1/tracks/52JoBoFhLbCz0XF0RvwJcR,https://api.spotify.com/v1/audio-analysis/52JoBoFhLbCz0XF0RvwJcR,213093,4
USUM71411929,Murder On Music Row - Live,George Strait,0.5,0.739,9,-8.771,1,0.058,0.424,0.0,0.873,0.425,105.281,audio_features,1hZIaSMnf9msje8Y3gVwu4,spotify:track:1hZIaSMnf9msje8Y3gVwu4,https://api.spotify.com/v1/tracks/1hZIaSMnf9msje8Y3gVwu4,https://api.spotify.com/v1/audio-analysis/1hZIaSMnf9msje8Y3gVwu4,285693,4
USSM19603203,Little Drummer Girl,Alicia Keys,0.605,0.574,4,-7.841,0,0.068,0.254,0.142,0.0958,0.0563,162.35,audio_features,6UkM1RIxrnkEIIvyjmyD2Q,spotify:track:6UkM1RIxrnkEIIvyjmyD2Q,https://api.spotify.com/v1/tracks/6UkM1RIxrnkEIIvyjmyD2Q,https://api.spotify.com/v1/audio-analysis/6UkM1RIxrnkEIIvyjmyD2Q,272333,4
USMC19341405,The Man In Love With You,George Strait,0.473,0.278,0,-12.234,1,0.0289,0.729,0.000419,0.174,0.126,123.82,audio_features,4FzhBA59ZIfDAdpvO6H6Mw,spotify:track:4FzhBA59ZIfDAdpvO6H6Mw,https://api.spotify.com/v1/tracks/4FzhBA59ZIfDAdpvO6H6Mw,https://api.spotify.com/v1/audio-analysis/4FzhBA59ZIfDAdpvO6H6Mw,198573,4
USBN10000212,Dreams,Kenny Chesney,0.522,0.356,5,-10.322,1,0.0239,0.241,1.74e-05,0.0959,0.315,95.889,audio_features,2OWwEYsqhMtrEO2jDo3c8d,spotify:track:2OWwEYsqhMtrEO2jDo3c8d,https://api.spotify.com/v1/tracks/2OWwEYsqhMtrEO2jDo3c8d,https://api.spotify.com/v1/audio-analysis/2OWwEYsqhMtrEO2jDo3c8d,251067,4
USUM70502478,Craving (I Only Want What I Can't Have),t.A.T.u.,0.397,0.765,1,-6.737,1,0.0331,0.0299,0.00203,0.0531,0.367,178.039,audio_features,2hDalZd9WbDjjABFpIa0Q2,spotify:track:2hDalZd9WbDjjABFpIa0Q2,https://api.spotify.com/v1/tracks/2hDalZd9WbDjjABFpIa0Q2,https://api.spotify.com/v1/audio-analysis/2hDalZd9WbDjjABFpIa0Q2,230267,4
USMC10500394,Testify,Common,0.73,0.566,9,-8.425,1,0.272,0.0206,0.0,0.337,0.631,87.051,audio_features,6fo9uskjOIoWXAaUNxN7Bl,spotify:track:6fo9uskjOIoWXAaUNxN7Bl,https://api.spotify.com/v1/tracks/6fo9uskjOIoWXAaUNxN7Bl,https://api.spotify.com/v1/audio-analysis/6fo9uskjOIoWXAaUNxN7Bl,156893,4
USQX91300809,Get Lucky (Radio Edit) [feat. Pharrell Williams and Nile Rodgers],Daft Punk,0.794,0.811,6,-8.966,0,0.038,0.0426,1.07e-06,0.101,0.862,116.047,audio_features,2Foc5Q5nqNiosCNqttzHof,spotify:track:2Foc5Q5nqNiosCNqttzHof,https://api.spotify.com/v1/tracks/2Foc5Q5nqNiosCNqttzHof,https://api.spotify.com/v1/audio-analysis/2Foc5Q5nqNiosCNqttzHof,248413,4
USAT20303232,Rock N Roll,Kid Rock,0.634,0.93,0,-1.875,1,0.0316,0.161,0.0,0.261,0.605,113.944,audio_features,53bntgWaTQiB2EMkomwnnr,spotify:track:53bntgWaTQiB2EMkomwnnr,https://api.spotify.com/v1/tracks/53bntgWaTQiB2EMkomwnnr,https://api.spotify.com/v1/audio-analysis/53bntgWaTQiB2EMkomwnnr,268347,4
USMH51100107,Ain't No Way,"Beth Hart, Joe Bonamassa",0.284,0.306,7,-11.771,1,0.0313,0.23,0.0971,0.113,0.0611,123.618,audio_features,3XpmFvsO8U4kMlVmxcc0AH,spotify:track:3XpmFvsO8U4kMlVmxcc0AH,https://api.spotify.com/v1/tracks/3XpmFvsO8U4kMlVmxcc0AH,https://api.spotify.com/v1/audio-analysis/3XpmFvsO8U4kMlVmxcc0AH,407653,3
USWB10703202,Go with Us (feat. Strong Arm Steady),Talib Kweli,0.698,0.869,10,-3.421,0,0.26,0.0145,0.0,0.547,0.634,91.649,audio_features,6xt0NJFhcylqbxn7F6upZ7,spotify:track:6xt0NJFhcylqbxn7F6upZ7,https://api.spotify.com/v1/tracks/6xt0NJFhcylqbxn7F6upZ7,https://api.spotify.com/v1/audio-analysis/6xt0NJFhcylqbxn7F6upZ7,239640,4
USUR10400766,Getcha Getcha,Nelly,0.786,0.753,6,-6.261,0,0.37,0.0179,0.0,0.0986,0.659,85.916,audio_features,0tHAj8G424udknmErHFqsK,spotify:track:0tHAj8G424udknmErHFqsK,https://api.spotify.com/v1/tracks/0tHAj8G424udknmErHFqsK,https://api.spotify.com/v1/audio-analysis/0tHAj8G424udknmErHFqsK,277480,4
USUR10400811,Getcha Getcha,Nelly,0.797,0.745,2,-6.221,1,0.36,0.0254,0.0,0.105,0.741,85.855,audio_features,4V4aavew0NrUc8WUJuqW0W,spotify:track:4V4aavew0NrUc8WUJuqW0W,https://api.spotify.com/v1/tracks/4V4aavew0NrUc8WUJuqW0W,https://api.spotify.com/v1/audio-analysis/4V4aavew0NrUc8WUJuqW0W,278453,4
USCRB9900113,You Don't Love Me Anymore,Tim McGraw,0.422,0.39,10,-9.766,1,0.0274,0.586,0.0,0.125,0.338,81.832,audio_features,4RyAmrMwErrCO7cki8xOa9,spotify:track:4RyAmrMwErrCO7cki8xOa9,https://api.spotify.com/v1/tracks/4RyAmrMwErrCO7cki8xOa9,https://api.spotify.com/v1/audio-analysis/4RyAmrMwErrCO7cki8xOa9,222933,4
USUM71713007,Believe,Eminem,0.887,0.484,1,-5.491,0,0.124,0.165,0.0,0.289,0.13,130.088,audio_features,74USwBG39TxXV01pK0neeG,spotify:track:74USwBG39TxXV01pK0neeG,https://api.spotify.com/v1/tracks/74USwBG39TxXV01pK0neeG,https://api.spotify.com/v1/audio-analysis/74USwBG39TxXV01pK0neeG,315360,4
USDJ20010525,Mouthing Off (Featuring 4-Ize),Ludacris,0.695,0.645,6,-8.983,1,0.75,0.339,0.0,0.465,0.963,85.091,audio_features,6rC3ZOQDsyLuQWbhnglle0,spotify:track:6rC3ZOQDsyLuQWbhnglle0,https://api.spotify.com/v1/tracks/6rC3ZOQDsyLuQWbhnglle0,https://api.spotify.com/v1/audio-analysis/6rC3ZOQDsyLuQWbhnglle0,181013,4
USMO18100017,Portuguese Love,Teena Marie,0.466,0.573,9,-12.304,0,0.0793,0.142,0.0,0.0871,0.671,140.643,audio_features,0rEqoKxL9HGRRvtsQygeZn,spotify:track:0rEqoKxL9HGRRvtsQygeZn,https://api.spotify.com/v1/tracks/0rEqoKxL9HGRRvtsQygeZn,https://api.spotify.com/v1/audio-analysis/0rEqoKxL9HGRRvtsQygeZn,469173,4
UKHNU1600009,Pendulum,Anastacia,0.327,0.556,0,-9.39,1,0.0495,0.153,0.000114,0.758,0.177,150.018,audio_features,66gNgqsRVXhcP6fN6bJX26,spotify:track:66gNgqsRVXhcP6fN6bJX26,https://api.spotify.com/v1/tracks/66gNgqsRVXhcP6fN6bJX26,https://api.spotify.com/v1/audio-analysis/66gNgqsRVXhcP6fN6bJX26,232319,3
QMRSZ2101875,Nothing Like The Holidays (feat. Bunji Garlin),Shaggy,0.754,0.712,1,-7.124,1,0.296,0.24,1.22e-05,0.0456,0.701,175.951,audio_features,2m3oW9AnEKdlIN3jVcZk3G,spotify:track:2m3oW9AnEKdlIN3jVcZk3G,https://api.spotify.com/v1/tracks/2m3oW9AnEKdlIN3jVcZk3G,https://api.spotify.com/v1/audio-analysis/2m3oW9AnEKdlIN3jVcZk3G,188182,4
USPO19450015,It Was A Good Day - Remix,Ice Cube,0.477,0.555,6,-9.757,0,0.0523,0.149,0.367,0.45,0.715,159.431,audio_features,0MkJmjfBR4JZg0LcadprWL,spotify:track:0MkJmjfBR4JZg0LcadprWL,https://api.spotify.com/v1/tracks/0MkJmjfBR4JZg0LcadprWL,https://api.spotify.com/v1/audio-analysis/0MkJmjfBR4JZg0LcadprWL,267893,4
